-- phpMyAdmin SQL Dump
-- version 5.2.1
-- https://www.phpmyadmin.net/
--
-- Host: 127.0.0.1
-- Generation Time: May 12, 2025 at 04:25 PM
-- Server version: 10.4.32-MariaDB
-- PHP Version: 8.2.12

SET SQL_MODE = "NO_AUTO_VALUE_ON_ZERO";
START TRANSACTION;
SET time_zone = "+00:00";


/*!40101 SET @OLD_CHARACTER_SET_CLIENT=@@CHARACTER_SET_CLIENT */;
/*!40101 SET @OLD_CHARACTER_SET_RESULTS=@@CHARACTER_SET_RESULTS */;
/*!40101 SET @OLD_COLLATION_CONNECTION=@@COLLATION_CONNECTION */;
/*!40101 SET NAMES utf8mb4 */;

--
-- Database: `plan`
--

-- --------------------------------------------------------

--
-- Table structure for table `badget_types`
--

CREATE TABLE `badget_types` (
  `badID` bigint(20) UNSIGNED NOT NULL,
  `name` varchar(255) NOT NULL,
  `created_at` timestamp NULL DEFAULT NULL,
  `updated_at` timestamp NULL DEFAULT NULL
) ENGINE=InnoDB DEFAULT CHARSET=utf8mb4 COLLATE=utf8mb4_unicode_ci;

--
-- Dumping data for table `badget_types`
--

INSERT INTO `badget_types` (`badID`, `name`, `created_at`, `updated_at`) VALUES
(2, 'งบประมาณเงินรายได้ของมหาวิทยาลัย', '2024-09-02 00:35:36', '2024-09-02 00:35:36'),
(3, 'งบประมาณเงินรายได้ของส่วนงาน', '2024-09-02 21:52:53', '2024-09-02 21:52:53'),
(4, 'งบประมาณแผ่นดิน', '2024-09-02 21:53:10', '2024-09-02 21:53:10'),
(5, 'งบอื่น ๆ', '2024-09-02 21:53:16', '2024-09-02 21:53:16'),
(6, 'ไม่ได้ใช้งบประมาณ', '2024-09-02 21:53:26', '2024-09-02 21:53:26');

-- --------------------------------------------------------

--
-- Table structure for table `benefits`
--

CREATE TABLE `benefits` (
  `bnfID` bigint(20) UNSIGNED NOT NULL,
  `detail` varchar(255) DEFAULT NULL,
  `proID` bigint(20) UNSIGNED DEFAULT NULL,
  `created_at` timestamp NULL DEFAULT NULL,
  `updated_at` timestamp NULL DEFAULT NULL
) ENGINE=InnoDB DEFAULT CHARSET=utf8mb4 COLLATE=utf8mb4_unicode_ci;

--
-- Dumping data for table `benefits`
--

INSERT INTO `benefits` (`bnfID`, `detail`, `proID`, `created_at`, `updated_at`) VALUES
(474, 'benefit1', 507, '2025-04-28 07:21:16', '2025-04-28 07:22:31'),
(475, 'ิbenefit2', 507, '2025-04-28 07:22:31', '2025-04-28 07:22:31'),
(478, 'benefit1', 508, '2025-04-28 08:17:01', '2025-04-28 08:17:01'),
(479, 'benefit1', 509, '2025-04-28 08:17:26', '2025-04-28 08:17:26'),
(481, 'benefit1', 510, '2025-04-28 08:30:16', '2025-04-28 08:30:16'),
(483, 'ประโยชน์1', 511, '2025-04-28 18:07:59', '2025-04-28 18:07:59'),
(485, 'ประโยชน์1', 512, '2025-04-28 18:38:45', '2025-04-28 18:38:45'),
(487, 'ประโยชน์1', 513, '2025-04-28 21:18:48', '2025-04-28 21:18:48'),
(490, 'ประโยชน์1', 514, '2025-04-28 21:26:35', '2025-04-28 21:26:35'),
(491, 'ประโยชน์1', 515, '2025-04-28 21:27:09', '2025-04-28 21:27:09'),
(492, 'ประโยชน์1', 516, '2025-04-28 22:37:55', '2025-04-28 22:37:55'),
(498, 'ประโยชน์1', 517, '2025-04-28 23:06:36', '2025-04-28 23:06:36'),
(499, 'ประโยชน์1', 518, '2025-04-28 23:07:00', '2025-04-28 23:07:00'),
(500, 'ประโยชน์1', 519, '2025-04-28 23:08:04', '2025-04-28 23:08:04'),
(501, 'ประโยชน์1', 520, '2025-04-28 23:08:30', '2025-04-28 23:08:30'),
(506, 'ประโยชน์1', 524, '2025-04-28 23:14:45', '2025-04-28 23:14:45'),
(508, 'ประโยชน์1', 521, '2025-04-28 23:16:15', '2025-04-28 23:16:15'),
(509, 'ประโยชน์1', 522, '2025-04-28 23:17:22', '2025-04-28 23:17:22'),
(510, 'ประโยชน์1', 523, '2025-04-28 23:17:56', '2025-04-28 23:17:56'),
(511, 'ประโยชน์1', 525, '2025-04-28 23:18:27', '2025-04-28 23:18:27'),
(513, 'ประโยชน์1', 526, '2025-04-29 01:08:39', '2025-04-29 01:08:39'),
(515, 'ประโยชน์1', 527, '2025-04-29 01:15:07', '2025-04-29 01:15:07');

-- --------------------------------------------------------

--
-- Table structure for table `comments`
--

CREATE TABLE `comments` (
  `commentID` bigint(20) UNSIGNED NOT NULL,
  `proID` bigint(20) UNSIGNED NOT NULL,
  `detail` varchar(255) NOT NULL,
  `type` text NOT NULL,
  `userID` bigint(20) UNSIGNED NOT NULL,
  `created_at` timestamp NULL DEFAULT NULL,
  `updated_at` timestamp NULL DEFAULT NULL
) ENGINE=InnoDB DEFAULT CHARSET=utf8mb4 COLLATE=utf8mb4_unicode_ci;

--
-- Dumping data for table `comments`
--

INSERT INTO `comments` (`commentID`, `proID`, `detail`, `type`, `userID`, `created_at`, `updated_at`) VALUES
(90, 508, 'ไม่อนุมัติ', 'เอกสารเสนอโครงการ', 56, '2025-04-28 08:53:42', '2025-04-28 08:53:42'),
(91, 526, 'แก้ไข', 'เอกสารเสนอโครงการ', 55, '2025-04-29 01:16:35', '2025-04-29 01:16:35');

-- --------------------------------------------------------

--
-- Table structure for table `cost_quarters`
--

CREATE TABLE `cost_quarters` (
  `costQuID` bigint(20) UNSIGNED NOT NULL,
  `costQu1` float DEFAULT 0,
  `costQu2` float DEFAULT 0,
  `costQu3` float DEFAULT 0,
  `costQu4` float DEFAULT 0,
  `proID` bigint(20) UNSIGNED DEFAULT NULL,
  `expID` bigint(20) UNSIGNED DEFAULT NULL,
  `costID` bigint(20) UNSIGNED DEFAULT NULL,
  `created_at` timestamp NULL DEFAULT NULL,
  `updated_at` timestamp NULL DEFAULT NULL
) ENGINE=InnoDB DEFAULT CHARSET=utf8mb4 COLLATE=utf8mb4_unicode_ci;

--
-- Dumping data for table `cost_quarters`
--

INSERT INTO `cost_quarters` (`costQuID`, `costQu1`, `costQu2`, `costQu3`, `costQu4`, `proID`, `expID`, `costID`, `created_at`, `updated_at`) VALUES
(351, 2000, 1200, 3000, 4000, 507, 1, 1, '2025-04-28 07:21:16', '2025-04-28 07:22:31'),
(352, 2000, 1200, 3000, 4000, 508, 1, 1, '2025-04-28 08:00:50', '2025-04-28 08:17:01'),
(353, 2000, 1200, 3000, 4000, 509, 1, 1, '2025-04-28 08:01:38', '2025-04-28 08:17:26'),
(354, 2000, 1200, 3000, 4000, 510, 3, 3, '2025-04-28 08:29:43', '2025-04-28 08:30:16'),
(355, 2000, 2000, 2000, 2000, 511, 1, 1, '2025-04-28 18:05:47', '2025-04-28 18:07:59'),
(356, 2000, 2000, 2000, 2000, 512, 3, 3, '2025-04-28 18:38:26', '2025-04-28 18:38:45'),
(357, 2000, 2000, 2000, 2000, 513, 1, 1, '2025-04-28 21:18:28', '2025-04-28 21:18:48'),
(358, 2000, 2000, 2000, 2000, 514, 3, 3, '2025-04-28 21:25:34', '2025-04-28 21:26:35'),
(359, 2000, 2000, 2000, 2000, 515, 1, 1, '2025-04-28 21:26:14', '2025-04-28 21:27:09'),
(360, 2000, 2000, 2000, 2000, 516, 1, 1, '2025-04-28 22:37:55', '2025-04-28 22:37:55'),
(361, 2000, 2000, 2000, 2000, 517, 1, 1, '2025-04-28 23:01:12', '2025-04-28 23:06:36'),
(362, 2000, 2000, 2000, 2000, 518, 1, 1, '2025-04-28 23:02:22', '2025-04-28 23:07:00'),
(363, 2000, 2000, 2000, 2000, 519, 1, 1, '2025-04-28 23:03:16', '2025-04-28 23:08:04'),
(364, 2000, 2000, 2000, 2000, 520, 1, 1, '2025-04-28 23:04:45', '2025-04-28 23:08:30'),
(365, 2000, 2000, 2000, 2000, 521, 1, 1, '2025-04-28 23:05:39', '2025-04-28 23:16:15'),
(366, 2000, 2000, 2000, 2000, 522, 3, 3, '2025-04-28 23:09:59', '2025-04-28 23:17:22'),
(367, 2000, 2000, 2000, 2000, 523, 1, 1, '2025-04-28 23:11:46', '2025-04-28 23:17:56'),
(368, 2000, 2000, 2000, 2000, 524, 1, 1, '2025-04-28 23:13:19', '2025-04-28 23:14:45'),
(369, 2000, 2000, 2000, 2000, 525, 1, 1, '2025-04-28 23:16:03', '2025-04-28 23:18:27'),
(370, 2000, 2000, 2000, 2000, 526, 1, 1, '2025-04-29 01:03:19', '2025-04-29 01:08:39'),
(371, 2000, 200, 20000, 2000, 527, 1, 1, '2025-04-29 01:15:00', '2025-04-29 01:15:07');

-- --------------------------------------------------------

--
-- Table structure for table `cost_types`
--

CREATE TABLE `cost_types` (
  `costID` bigint(20) UNSIGNED NOT NULL,
  `name` varchar(255) NOT NULL,
  `expID` bigint(20) UNSIGNED NOT NULL,
  `created_at` timestamp NULL DEFAULT NULL,
  `updated_at` timestamp NULL DEFAULT NULL
) ENGINE=InnoDB DEFAULT CHARSET=utf8mb4 COLLATE=utf8mb4_unicode_ci;

--
-- Dumping data for table `cost_types`
--

INSERT INTO `cost_types` (`costID`, `name`, `expID`, `created_at`, `updated_at`) VALUES
(1, 'ค่าจ้างชั่วคราว', 1, '2024-10-05 07:25:46', '2024-10-05 07:25:46'),
(2, 'ค่าตอบแทน', 3, '2024-10-05 07:26:05', '2024-10-05 07:26:05'),
(3, 'ค่าใช้สอย', 3, '2024-10-05 07:26:14', '2024-10-05 07:26:14'),
(4, 'ค่าวัสดุ', 3, '2024-10-05 07:26:23', '2024-10-05 07:26:23'),
(5, 'ค่าสาธารณูประโภค', 3, '2024-10-05 07:26:30', '2024-10-05 07:26:30'),
(6, 'เงินอุดหนุน', 4, '2024-10-05 07:26:37', '2024-10-05 07:26:37'),
(7, 'รายจ่ายอื่น', 5, '2024-10-05 07:26:46', '2024-10-05 07:26:46'),
(8, 'ค่าครุภัณฑ์', 6, '2024-10-05 07:26:54', '2024-10-05 07:26:54'),
(9, 'ค่าที่ดินและสิ่งก่อสร้าง', 6, '2024-10-05 07:27:10', '2024-10-05 07:27:10'),
(10, 'ลองเปลี่ยนไปใช้ data table', 1, '2024-10-05 18:46:14', '2024-10-05 18:46:14');

-- --------------------------------------------------------

--
-- Table structure for table `count_k_p_i_projects`
--

CREATE TABLE `count_k_p_i_projects` (
  `countKPIProID` bigint(20) UNSIGNED NOT NULL,
  `name` varchar(255) NOT NULL,
  `created_at` timestamp NULL DEFAULT NULL,
  `updated_at` timestamp NULL DEFAULT NULL
) ENGINE=InnoDB DEFAULT CHARSET=utf8mb4 COLLATE=utf8mb4_unicode_ci;

--
-- Dumping data for table `count_k_p_i_projects`
--

INSERT INTO `count_k_p_i_projects` (`countKPIProID`, `name`, `created_at`, `updated_at`) VALUES
(1, 'คะแนนเฉลี่ย', NULL, NULL),
(3, 'ร้อยละ', '2024-11-27 22:54:46', '2024-11-27 22:54:46');

-- --------------------------------------------------------

--
-- Table structure for table `date_in_plans`
--

CREATE TABLE `date_in_plans` (
  `id` bigint(20) UNSIGNED NOT NULL,
  `startDate` date NOT NULL,
  `endDate` date NOT NULL,
  `yearID` bigint(20) UNSIGNED NOT NULL,
  `created_at` timestamp NULL DEFAULT NULL,
  `updated_at` timestamp NULL DEFAULT NULL
) ENGINE=InnoDB DEFAULT CHARSET=utf8mb4 COLLATE=utf8mb4_unicode_ci;

--
-- Dumping data for table `date_in_plans`
--

INSERT INTO `date_in_plans` (`id`, `startDate`, `endDate`, `yearID`, `created_at`, `updated_at`) VALUES
(7, '2024-05-01', '2024-06-30', 9, '2025-04-06 07:47:31', '2025-04-06 07:47:31'),
(8, '2025-04-29', '2025-06-30', 16, '2025-04-28 18:04:12', '2025-04-28 18:04:12');

-- --------------------------------------------------------

--
-- Table structure for table `date_report_quarters`
--

CREATE TABLE `date_report_quarters` (
  `drqID` bigint(20) UNSIGNED NOT NULL,
  `startDate` date NOT NULL,
  `endDate` date NOT NULL,
  `quarID` bigint(20) UNSIGNED NOT NULL,
  `yearID` bigint(20) UNSIGNED NOT NULL,
  `created_at` timestamp NULL DEFAULT NULL,
  `updated_at` timestamp NULL DEFAULT NULL
) ENGINE=InnoDB DEFAULT CHARSET=utf8mb4 COLLATE=utf8mb4_unicode_ci;

--
-- Dumping data for table `date_report_quarters`
--

INSERT INTO `date_report_quarters` (`drqID`, `startDate`, `endDate`, `quarID`, `yearID`, `created_at`, `updated_at`) VALUES
(2, '2024-10-01', '2025-01-05', 1, 9, '2025-04-06 06:19:27', '2025-04-06 06:19:27'),
(3, '2025-01-06', '2025-04-05', 2, 9, '2025-04-06 06:22:59', '2025-04-06 06:22:59'),
(4, '2025-04-06', '2025-06-05', 3, 9, '2025-04-06 20:18:34', '2025-04-06 20:18:34'),
(6, '2025-07-06', '2025-10-05', 4, 9, '2025-04-25 08:58:46', '2025-04-25 08:58:46'),
(7, '2025-04-29', '2025-04-30', 1, 16, '2025-04-28 18:49:05', '2025-04-28 18:49:05');

-- --------------------------------------------------------

--
-- Table structure for table `expense_badgets`
--

CREATE TABLE `expense_badgets` (
  `expID` bigint(20) UNSIGNED NOT NULL,
  `name` varchar(255) NOT NULL,
  `fundID` bigint(20) UNSIGNED NOT NULL,
  `created_at` timestamp NULL DEFAULT NULL,
  `updated_at` timestamp NULL DEFAULT NULL
) ENGINE=InnoDB DEFAULT CHARSET=utf8mb4 COLLATE=utf8mb4_unicode_ci;

--
-- Dumping data for table `expense_badgets`
--

INSERT INTO `expense_badgets` (`expID`, `name`, `fundID`, `created_at`, `updated_at`) VALUES
(1, 'งบบุคลากร', 5, NULL, NULL),
(3, 'งบดำเนินงาน', 5, '2024-10-05 07:24:30', '2024-10-05 07:24:30'),
(4, 'งบเงินอุดหนุน', 5, '2024-10-05 07:24:48', '2024-10-05 07:24:48'),
(5, 'งบรายจ่ายอื่น', 5, '2024-10-05 07:24:59', '2024-10-05 07:24:59'),
(6, 'งบลงทุน', 5, '2024-10-05 07:25:07', '2024-10-05 07:25:07');

-- --------------------------------------------------------

--
-- Table structure for table `files`
--

CREATE TABLE `files` (
  `fileID` bigint(20) UNSIGNED NOT NULL,
  `name` varchar(255) NOT NULL,
  `proID` bigint(20) UNSIGNED NOT NULL,
  `type` varchar(20) NOT NULL,
  `created_at` timestamp NULL DEFAULT NULL,
  `updated_at` timestamp NULL DEFAULT NULL
) ENGINE=InnoDB DEFAULT CHARSET=utf8mb4 COLLATE=utf8mb4_unicode_ci;

--
-- Dumping data for table `files`
--

INSERT INTO `files` (`fileID`, `name`, `proID`, `type`, `created_at`, `updated_at`) VALUES
(206, 'test (1).docx', 510, 'เอกสารเสนอโครงการ', '2025-04-28 08:30:16', '2025-04-28 08:30:16'),
(207, 'เล่มโปรเจค.docx', 512, 'เอกสารเสนอโครงการ', '2025-04-28 18:38:45', '2025-04-28 18:38:45'),
(208, 'test.docx', 514, 'เอกสารเสนอโครงการ', '2025-04-28 21:26:35', '2025-04-28 21:26:35'),
(209, 'test (1) (1).docx', 522, 'เอกสารเสนอโครงการ', '2025-04-28 23:09:59', '2025-04-28 23:09:59'),
(210, 'test (1) (1).docx', 522, 'เอกสารปiะเมินโครงการ', '2025-04-29 01:24:00', '2025-04-29 01:24:00');

-- --------------------------------------------------------

--
-- Table structure for table `funds`
--

CREATE TABLE `funds` (
  `fundID` bigint(20) UNSIGNED NOT NULL,
  `name` varchar(255) NOT NULL,
  `planID` bigint(20) UNSIGNED NOT NULL,
  `created_at` timestamp NULL DEFAULT NULL,
  `updated_at` timestamp NULL DEFAULT NULL
) ENGINE=InnoDB DEFAULT CHARSET=utf8mb4 COLLATE=utf8mb4_unicode_ci;

--
-- Dumping data for table `funds`
--

INSERT INTO `funds` (`fundID`, `name`, `planID`, `created_at`, `updated_at`) VALUES
(5, 'กองทุนทั่วไป', 6, '2024-10-02 06:49:14', '2024-10-02 06:49:14'),
(6, 'กองทุนเพื่อการศึกษา', 6, '2024-10-02 06:59:26', '2024-10-02 06:59:26'),
(7, 'กองทุนกิจการนักศึกษา', 6, '2024-10-05 08:09:02', '2024-10-05 08:09:02'),
(8, 'กองทุนสินทรัพย์ถาวร', 6, '2024-10-05 08:37:33', '2024-10-05 08:37:33'),
(9, 'กองทุนอื่น ๆ', 6, '2024-10-05 08:37:48', '2024-10-05 08:37:48'),
(11, 'วิจัย', 9, '2024-12-11 01:07:10', '2024-12-11 01:07:10');

-- --------------------------------------------------------

--
-- Table structure for table `goals`
--

CREATE TABLE `goals` (
  `goal3LVID` bigint(20) UNSIGNED NOT NULL,
  `name` varchar(255) NOT NULL,
  `SFA3LVID` bigint(20) UNSIGNED NOT NULL,
  `created_at` timestamp NULL DEFAULT NULL,
  `updated_at` timestamp NULL DEFAULT NULL
) ENGINE=InnoDB DEFAULT CHARSET=utf8mb4 COLLATE=utf8mb4_unicode_ci;

--
-- Dumping data for table `goals`
--

INSERT INTO `goals` (`goal3LVID`, `name`, `SFA3LVID`, `created_at`, `updated_at`) VALUES
(2, '1.1 พัฒนาการเรียนการสอน เพื่อให้รายวิชา/หลักสูตร ทันสมัย ได้มาตรฐาน ตอบสนองและตรงตามความ ต้องการของตลาดแรงงาน', 1, '2024-09-16 08:52:25', '2024-09-16 08:52:25'),
(17, '1.2 พัฒนาคุณภาพบัณฑิต และบุคลากรให้มีคุณภาพ มีสมรรถนะตามมาตรฐาน อาชีพในศตวรรษที่ 21', 1, '2024-11-19 10:05:37', '2024-11-19 10:05:37'),
(18, '2.1 เป็นมหาวิทยาลัย แห่งความเป็นเลิศด้านการ สร้างสรรค์นวัตกรรม', 23, '2024-11-19 10:05:57', '2024-11-19 10:05:57'),
(19, '2.2 เป็นมหาวิทยาลัยวิจัย เพื่อความเป็นเลิศด้าน วิชาการ', 23, '2024-11-19 10:06:07', '2024-11-19 10:06:07'),
(20, '2.3 เป็นมหาวิทยาลัยวิจัย เพื่อตอบสนองความต้องการ ของภาคอุตสาหกรรม ชุมชน และสังคม', 23, '2024-11-19 10:06:18', '2024-11-19 10:06:18'),
(21, '2.4 เป็นมหาวิทยาลัย แห่งผู้ประกอบการ', 23, '2024-11-19 10:06:31', '2024-11-19 10:06:31'),
(28, '3.1 พึ่งพาตนเองด้วยการ หารายได้จากงานบริการ วิชาการ', 24, '2024-11-19 10:16:29', '2024-11-19 10:16:29'),
(30, '3.2 มีระบบนิเวศ (Ecosystem) การบริการ วิชาการที่สอดคล้องกับ ความต้องการ', 24, '2024-11-19 10:16:46', '2024-11-19 10:16:46'),
(32, '3.3 เป็นองค์กรที่มี ภาพลักษณ์ (Branding) ที่ได้รับความเชื่อถือ เชื่อมั่น จากหน่วยงานภายนอก มหาวิทยาลัย', 24, '2024-11-19 10:17:01', '2024-11-19 10:17:01'),
(34, '4.1 พัฒนาบุคลากรให้มี คุณลักษณะเฉพาะบุคคล (SMART People)', 25, '2024-11-19 10:17:17', '2024-11-19 10:17:17'),
(36, '4.2 เป็นมหาวิทยาลัยดิจิทัล (Digital University)', 25, '2024-11-19 10:17:34', '2024-11-19 10:17:34'),
(38, '4.3 บริหารและจัดการ อย่างมีประสิทธิภาพและ รองรับการเปลี่ยนแปลง ตามหลักธรรมาภิบาลและ หลักปรัชญาเศรษฐกิจ พอเพียง', 25, '2024-11-19 10:17:52', '2024-11-19 10:17:52'),
(40, '4.4 เป็นมหาวิทยาลัยที่มี ระบบนิเวศเพื่อการพัฒนา ที่ยั่งยืน', 25, '2024-11-19 10:18:08', '2024-11-19 10:18:08');

-- --------------------------------------------------------

--
-- Table structure for table `k_p_i_main2_levels`
--

CREATE TABLE `k_p_i_main2_levels` (
  `KPIMain2LVID` bigint(20) UNSIGNED NOT NULL,
  `name` varchar(255) NOT NULL,
  `count` varchar(255) DEFAULT NULL,
  `target` varchar(255) DEFAULT NULL,
  `SFA2LVID` bigint(20) UNSIGNED NOT NULL,
  `directorID` bigint(20) UNSIGNED DEFAULT NULL,
  `recorderID` bigint(20) UNSIGNED DEFAULT NULL,
  `created_at` timestamp NULL DEFAULT NULL,
  `updated_at` timestamp NULL DEFAULT NULL
) ENGINE=InnoDB DEFAULT CHARSET=utf8mb4 COLLATE=utf8mb4_unicode_ci;

--
-- Dumping data for table `k_p_i_main2_levels`
--

INSERT INTO `k_p_i_main2_levels` (`KPIMain2LVID`, `name`, `count`, `target`, `SFA2LVID`, `directorID`, `recorderID`, `created_at`, `updated_at`) VALUES
(3, 'ร้อยละของพื้นที่ที่สามารถใช้บริการระบบเครือข่ายได้', '-', '-', 1, 23, 32, '2025-01-10 08:18:27', '2025-01-10 08:18:27'),
(4, 'ร้อยละของความต่อเนื่องในการใช้งานเครือข่าย', NULL, NULL, 1, NULL, NULL, '2025-01-10 08:22:49', '2025-01-10 08:22:49'),
(5, 'ระยะเวลาที่ใช้ในการระบุปัญหาและปิดช่องโหว่ระบบเครือข่ายเมื่อถูกโจมตี', NULL, NULL, 1, NULL, NULL, '2025-01-10 08:23:29', '2025-01-10 08:23:29'),
(6, 'จํานวนมาตรฐานที่ได้รับการรับรองด้านระบบการจัดการความปลอดภัยของข้อมูล', NULL, NULL, 1, NULL, NULL, '2025-01-10 08:23:54', '2025-01-10 08:23:54'),
(7, 'ร้อยละของระเบียบที่เป็นอุปสรรคในการทํางานที่ได้รับการปรับปรุง', NULL, NULL, 1, NULL, NULL, '2025-01-10 08:24:14', '2025-01-10 08:24:14'),
(8, 'ร้อยละของพื้นที่ของมหาวิทยาลัยที่สามารถเชื่อมต่อกับเครือข่ายของมหาวิทยาลัยได้เฉพาะพื้นที่ใช้สอยและจัดกิจกรรมทางการศึกษา (แผน 20 ปี)', NULL, NULL, 1, NULL, NULL, '2025-01-10 08:25:26', '2025-01-10 08:25:26'),
(9, 'ร้อยละของระบบหลักที่สนับสนุนการทํางานได้จริง', NULL, NULL, 3, NULL, NULL, '2025-01-10 08:26:01', '2025-01-10 08:26:01'),
(10, 'ร้อยละของข้อมูลที่อยู่ในระบบที่ผู้บริหารต้องการ', NULL, NULL, 3, NULL, NULL, '2025-01-10 08:26:19', '2025-01-10 08:26:19'),
(11, 'ร้อยละที่เพิ่มขึ้นของบริการหลักของระบบสารสนเทศของมหาวิทยาลัยเข้าถึงได้จากอุปกรณ์เคลื่อนที', NULL, NULL, 3, NULL, NULL, '2025-01-10 08:27:50', '2025-01-10 08:27:50'),
(12, 'จํานวน/ประเภทฐานข้อมูลที่มีการบูรณาการและใช้งานร่วมกันระหว่างหน่วยงานภายในมหาวิทยาลัย', NULL, NULL, 3, NULL, NULL, '2025-01-10 08:28:28', '2025-01-10 08:28:28'),
(13, 'จํานวนระบบสารสนเทศ/ซอฟต์แวร์ที่ทุกหน่วยงานภายในมหาวิทยาลัยสามารถใช้งานร่วมกัน เพื่อสนับสนุนการปฏิบัติงานของมหาวิทยาลัย', NULL, NULL, 3, NULL, NULL, '2025-01-10 08:29:03', '2025-01-10 08:29:03'),
(14, 'ร้อยละของส่วนงานที่มีการบริการสําหรับบุคลากรหรือนักศึกษาผ่านช่องทาง Mobile หรือ Smart device (แผน 20 ปี)', NULL, NULL, 3, NULL, NULL, '2025-01-10 08:29:28', '2025-01-10 08:29:28'),
(15, 'จํานวนกระบวนการภายในของมหาวิทยาลัยที่มีการเปลี่ยนผ่านไปสู่รูปแบบดิจิทัล (แผน 20 ปี)', NULL, NULL, 3, NULL, NULL, '2025-01-10 08:30:16', '2025-01-10 08:30:16'),
(16, 'ร้อยละของส่วนงานที่มีส่วนร่วมในการใช้ระบบดิจิทัลกลางของมหาวิทยาลัย (แผน 20 ปี)', NULL, NULL, 3, NULL, NULL, '2025-01-10 08:30:48', '2025-01-10 08:30:48'),
(17, 'ร้อยละของบริการสําหรับนักศึกษาและบุคลากรที่อยู่ในรูปแบบ e-Services', NULL, NULL, 4, NULL, NULL, '2025-01-10 08:31:22', '2025-01-10 08:31:22'),
(18, 'ระดับความพึงพอใจของผู้ใช้บริการ e-Services', NULL, NULL, 4, NULL, NULL, '2025-01-10 08:31:41', '2025-01-10 08:31:41'),
(19, 'จํานวนบริการหรือนวัตกรรมบริการระดับมหาวิทยาลัยสําหรับบุคลากรหรือนักศึกษาที่ให้บริการผ่าน Mobile หรือ Smart device (แผน 20 ปี)', NULL, NULL, 1, NULL, NULL, '2025-01-10 08:32:13', '2025-01-10 08:32:13'),
(20, 'ระดับความพึงพอใจในการใช้งานระบบสารสนเทศของมหาวิทยาลัย (แผน 20 ปี)', NULL, NULL, 4, NULL, NULL, '2025-01-10 08:32:28', '2025-01-10 08:32:28'),
(21, 'ร้อยละของจํานวนนักศึกษาและบุคลากรที่ได้รับการพัฒนาทักษะทางดิจิทัล', NULL, NULL, 5, NULL, NULL, '2025-01-10 08:33:14', '2025-01-10 08:33:14'),
(22, 'ร้อยละของบุคลากรที่สามารถใช้เทคโนโลยีดิจิทัลสนับสนุนการปฏิบัติงานได้ (แผน 20 ปี)', NULL, NULL, 5, NULL, NULL, '2025-01-10 08:33:34', '2025-01-10 08:33:34'),
(23, 'จํานวนที่เพิ่มขึ้นของ Digital Content ที่ประชาสัมพันธ์ผ่านช่องทางเครือข่ายสังคม ออนไลน์', NULL, NULL, 5, NULL, NULL, '2025-01-10 08:34:00', '2025-01-10 08:34:00');

-- --------------------------------------------------------

--
-- Table structure for table `k_p_i_main2_level_map_projects`
--

CREATE TABLE `k_p_i_main2_level_map_projects` (
  `KPIMain2mapProjectID` bigint(20) UNSIGNED NOT NULL,
  `SFA2LVID` bigint(20) UNSIGNED NOT NULL,
  `KPIMain2LVID` bigint(20) UNSIGNED NOT NULL,
  `proID` bigint(20) UNSIGNED NOT NULL,
  `result1` varchar(20) DEFAULT NULL,
  `result2` varchar(20) DEFAULT NULL,
  `result3` varchar(20) DEFAULT NULL,
  `result4` varchar(20) DEFAULT NULL,
  `created_at` timestamp NULL DEFAULT NULL,
  `updated_at` timestamp NULL DEFAULT NULL
) ENGINE=InnoDB DEFAULT CHARSET=utf8mb4 COLLATE=utf8mb4_unicode_ci;

-- --------------------------------------------------------

--
-- Table structure for table `k_p_i_mains`
--

CREATE TABLE `k_p_i_mains` (
  `KPIMain3LVID` bigint(20) UNSIGNED NOT NULL,
  `name` varchar(255) NOT NULL,
  `count` varchar(255) NOT NULL,
  `target` varchar(255) NOT NULL,
  `goal3LVID` bigint(20) UNSIGNED DEFAULT NULL,
  `directorID` bigint(20) UNSIGNED DEFAULT NULL,
  `recorderID` bigint(20) UNSIGNED DEFAULT NULL,
  `created_at` timestamp NULL DEFAULT NULL,
  `updated_at` timestamp NULL DEFAULT NULL
) ENGINE=InnoDB DEFAULT CHARSET=utf8mb4 COLLATE=utf8mb4_unicode_ci;

--
-- Dumping data for table `k_p_i_mains`
--

INSERT INTO `k_p_i_mains` (`KPIMain3LVID`, `name`, `count`, `target`, `goal3LVID`, `directorID`, `recorderID`, `created_at`, `updated_at`) VALUES
(7, '1.1.1 ร้อยละของหลักสูตรที่จัดการเรียนรู้ ผ่านการปฏิบัติงานจริง', 'ร้อยละ', '55', 2, NULL, NULL, '2024-11-19 04:56:26', '2024-11-19 04:56:26'),
(8, '1.1.2 ร้อยละของปริญานิพนธ์หรือสารนืพนธ์หรือวิทยานิพนธ์ที่ร่วมกับผู้ประกอบการ ภาครัฐและภาคเอกชน', 'ร้อยละ', '25', 2, NULL, NULL, '2024-11-19 04:58:40', '2024-11-19 04:58:40'),
(9, '1.1.3 จำนวนหลักสูตรที่ได้รับการ รับรองคุณภาพตามมาตรฐาน หลักสูตร ระดับชาติหรือระดับ นานาชาติ', 'หลักสูตร', '1 (สะสม)', 2, NULL, NULL, '2024-11-19 04:59:54', '2024-11-19 04:59:54'),
(10, '1.1.4 จํานวนกิจกรรมภายใต้บันทึก ข้อตกลงความร่วมมือทางวิชาการ ระหว่างประเทศ (MOU)', 'กิจกรรม', '45', 2, NULL, NULL, '2024-11-19 10:19:17', '2024-11-19 10:19:17'),
(11, '1.1.5 จํานวนหลักสูตรสองภาษา หลักสูตรภาษาอังกฤษ และหลักสูตร นานาชาติ', 'หลักสูตร', '23', 2, NULL, NULL, '2024-11-19 10:19:44', '2024-11-19 10:19:44'),
(17, '1.1.6 จํานวนหลักสูตรที่บูรณาการ ศาสตร์สาขา (Degree และ Non-degree)', 'หลักสูตร', 'Degree 1,  Non- degree  1', 2, NULL, NULL, '2024-11-19 10:23:20', '2024-11-19 10:23:20'),
(19, '1.1.7 จํานวนรายวิชาที่เข้าร่วม เปิดสอนในระบบธนาคารหน่วยกิต (Credit Bank)', 'รายวิชา', '2', 2, NULL, NULL, '2024-11-19 10:24:20', '2024-11-19 10:24:20'),
(21, '1.1.8 จํานวนรายวิชาของหลักสูตร แบบปริญญา (Degree) และ ประกาศนียบัตร (Non-degree) ที่มีการเรียนการสอนออนไลน์ แบบ On Demand', 'รายวิชา', '88 (สะสม)', 2, NULL, NULL, '2024-11-19 10:24:51', '2024-11-19 10:24:51'),
(23, '1.2.1 ร้อยละของนักศึกษาต่างชาติ และนักศึกษาแลกเปลี่ยน', 'ร้อยละ', '0.6', 17, NULL, NULL, '2024-11-19 10:25:46', '2024-11-19 10:25:46'),
(25, '1.2.2 ร้อยละนักศึกษาและบัณฑิต ผู้ประกอบการ', 'ร้อยละ', '7', 17, NULL, NULL, '2024-11-19 10:26:15', '2024-11-19 10:26:15'),
(27, '1.2.3 ร้อยละของบุคลากร สายวิชาการที่ได้รับการเพิ่มพูน สมรรถนะที่เกี่ยวข้องกับพันธกิจ ในการส่งเสริมการจัดการเรียน การสอน', 'ร้อยละ', '93', 17, NULL, NULL, '2024-11-25 07:03:49', '2024-11-25 07:03:49'),
(28, '1.2.4 ร้อยละของบุคลากร แลกเปลี่ยนความรู้สู่ภาคธุรกิจ/ ภาคอุตสาหกรรม', 'ร้อยละ', '40', 17, NULL, NULL, '2024-11-25 07:04:11', '2024-11-25 07:04:11'),
(29, '2.2.1 จํานวนบทความที่ได้รับการ ตีพิมพ์ในฐานข้อมูล Scopus', 'บทความ', '1,400', 19, NULL, NULL, '2024-11-25 07:06:12', '2024-11-25 07:06:12'),
(30, '2.2.2 จํานวนบทความที่ได้รับการ ตีพิมพ์ในฐานข้อมูล Scopus ระดับ Q1 & Q2', 'บทความ', '325', 19, NULL, NULL, '2024-11-25 07:06:39', '2024-11-25 07:06:39'),
(41, '1.2.5 ร้อยละของบัณฑิตที่ได้งานทำ หรือประกอบอาชีพอิสระ', 'ร้อยละ', '78', 17, NULL, NULL, '2024-12-07 01:54:13', '2024-12-07 01:54:13'),
(42, '1.2.6 ระดับความพึงพอใจของ นายจ้างต่อคุณลักษณะบัณฑิต ที่พึงประสงค์ มจพ. และทักษะใน ศตวรรษที่ 21 ที่มหาวิทยาลัยกำหนด', 'คะแนนเฉลี่ย', '3.60', 17, NULL, NULL, '2024-12-07 01:55:22', '2024-12-07 01:55:22'),
(43, '1.2.7 ร้อยละของนักศึกษาที่ สอบผ่านการทดสอบสมรรถนะ ภาษาอังกฤษตามเกณฑ์ที่ มหาวิทยาลัยกำหนด', 'ร้อยละ', '50', 17, NULL, NULL, '2024-12-07 01:55:49', '2024-12-07 01:55:49'),
(44, '1.2.8 ร้อยละของนักศึกษาที่ สอบผ่านการทดสอบสมรรถนะดิจิทัล ในระดับที่จำเป็น', 'ร้อยละ', '50', 17, NULL, NULL, '2024-12-07 01:56:06', '2024-12-07 01:56:06'),
(45, '1.2.9 จำนวนนักศึกษาเข้าใหม่ ระดับปริญญาเอก', 'คน', '160', 17, NULL, NULL, '2024-12-07 02:04:20', '2024-12-07 02:04:20'),
(46, '1.2.10 จำนวนรางวัลการแข่งขัน ทางด้านวิชาการในระดับชาติหรือ นานาชาติของนักศึกษา', 'รางวัล', '9', 17, NULL, NULL, '2024-12-07 02:05:08', '2024-12-07 02:05:08'),
(47, '2.1.1 จำนวนผลงานวิจัยและผลงาน นวัตกรรมที่ตอบสนองต่อการพัฒนา ประเทศ', 'เรื่อง', '22', 18, NULL, NULL, '2024-12-07 02:06:34', '2024-12-07 02:06:34'),
(48, '2.1.2 จำนวนผลงานการสร้าง แบบจำลองสำหรับทดสอบและ การทดสอบในห้องปฏิบัติการ และภาคสนาม Prototype (Lab & Field test) (TRL 3 & 4)', 'ผลงาน', '11', 18, NULL, NULL, '2024-12-07 02:06:58', '2024-12-07 02:06:58'),
(49, '2.1.3 จำนวนผลงานที่ยื่นจด ทรัพย์สินทางปัญญา', 'เรื่อง', '55', 18, NULL, NULL, '2024-12-07 02:07:24', '2024-12-07 02:07:24'),
(50, '2.1.4 จำนวนผลงานที่ยื่นจดสิทธิบัตร', 'เรื่อง', '15', 18, NULL, NULL, '2024-12-07 02:07:49', '2024-12-07 02:07:49'),
(51, '2.1.5 ร้อยละของบุคลากรสายวิชาการที่ทำงานพัฒนาสิ่งประดิษฐ์ นวัตกรรม หรืองานสร้างสรรค์', 'ร้อยละ', '15', 18, NULL, NULL, '2024-12-07 02:08:34', '2024-12-07 02:08:34'),
(52, '2.2.3 จำนวนบทความวิจัยที่มีความร่วมมือกับนานาชาติ', 'บทความ', '475', 19, NULL, NULL, '2024-12-07 02:16:10', '2024-12-07 02:16:10'),
(53, '2.2.4 จำนวนบทความปริทัศน์ (Review article) ที่ตีพิมพ์ในฐานข้อมูล Scopus', 'บทความ', '20', 19, NULL, NULL, '2024-12-07 02:16:54', '2024-12-07 02:16:54'),
(54, '2.2.5 จำนวน citations ของบทความที่ถูกอ้างอิงในรอบ 5 ปีปฏิทิน (ครั้งต่อคน)', 'ครั้ง : คน', '8.0 ครั้ง : คน', 19, NULL, NULL, '2024-12-07 02:17:45', '2024-12-07 02:17:45'),
(55, '2.2.6 ร้อยละของบุคลากรสายวิชาการที่ตีพิมพ์บทความในฐานข้อมูล Scopus', 'ร้อยละ', '22', 19, NULL, NULL, '2024-12-07 02:19:06', '2024-12-07 02:19:06'),
(56, '2.2.7 จำนวนการยื่นข้อเสนอ (submitted proposal) เพื่อขอทุนวิจัยจากหน่วยงานในเครือข่ายองค์กรบริหารงานวิจัยแห่งชาติ (คอบช.)', 'โครงการ', '140', 19, NULL, NULL, '2024-12-07 02:19:38', '2024-12-07 02:19:38'),
(57, '2.3.1 จำนวนผลงานที่อนุญาตให้ใช้สิทธิทรัพย์สินทางปัญญา', 'เรื่อง', '5', 20, NULL, NULL, '2024-12-07 02:20:04', '2024-12-07 02:20:04'),
(58, '2.3.2 จำนวนรายได้ที่ได้รับจากการขาย/เช่า ผลงานนวัตกรรมหรือสิ่งประดิษฐ์', 'บาท', '500,000', 20, NULL, NULL, '2024-12-07 02:20:50', '2024-12-07 02:20:50'),
(59, '2.3.3 จำนวนผลงานตีพิมพ์ที่เกิดจากความร่วมมือกับภาคอุตสาหกรรม', 'เรื่อง', '11', 20, NULL, NULL, '2024-12-07 02:21:13', '2024-12-07 02:21:13'),
(60, '2.3.4 จำนวนรายได้จากงานวิจัยร่วมกับภาคอุตสาหกรรมทั้งในประเทศและต่างประเทศ', 'ล้านบาท', '65', 20, NULL, NULL, '2024-12-07 02:21:46', '2024-12-07 02:21:46'),
(61, '2.3.5 ร้อยละบุคลากรแลกเปลี่ยนความรู้สู่ภาคธุรกิจ/ภาคอุตสาหกรรม', 'ร้อยละ', '35', 20, NULL, NULL, '2024-12-07 02:22:08', '2024-12-07 02:22:08'),
(62, '2.3.6 จำนวนโครงการที่ผ่านแพลตฟอร์มบ่มเพาะด้านวิทยาศาสตร์และเทคโนโลยีเชิงลึก เพื่อการต่อยอดสู่ภาคอุตสาหกรรม', 'โครงการ', '3', 20, NULL, NULL, '2024-12-07 02:22:45', '2024-12-07 02:22:45'),
(63, '2.4.1 จำนวนนิติบุคคลที่เกิดขึ้นจากการบ่มเพาะผู้ประกอบการ', 'นิติบุคคล', '3', 21, NULL, NULL, '2024-12-07 02:23:09', '2024-12-07 02:23:09'),
(64, '3.1.1 จำนวนรายได้จากงานบริการวิชาการจากหน่วยงานภาครัฐ', 'ล้านบาท', '300', 28, NULL, NULL, '2024-12-07 02:24:01', '2024-12-07 02:24:01'),
(65, '3.1.2 จำนวนรายได้จากงานบริการวิชาการจากหน่วยงานภาคเอกชน', 'ล้านบาท', '75', 28, NULL, NULL, '2024-12-07 02:24:33', '2024-12-07 02:24:33'),
(66, '3.2.1 ร้อยละของจำนวนบุคลากรที่มีส่วนร่วมในงานบริการวิชาการต่อบุคลากรของมหาวิทยาลัย', 'ร้อยละ', '44', 30, NULL, NULL, '2024-12-07 02:24:59', '2024-12-07 02:24:59'),
(67, '3.2.2 ระดับความพึงพอใจของผู้มีส่วนได้ส่วนเสียภายในและภายนอกต่อระบบสนับสนุนงานบริการวิชาการของมหาวิทยาลัย', 'คะแนนเฉลี่ย', 'ไม่น้อย กว่า 3.70', 30, NULL, NULL, '2024-12-07 02:31:58', '2024-12-07 02:31:58'),
(68, '3.2.3 จำนวนการได้รับการรับรองมาตรฐานระดับชาติหรือระดับนานาชาติ ที่เกี่ยวข้องกับการให้บริการทางวิชาการ', 'มาตรฐาน', '17', 30, NULL, NULL, '2024-12-07 02:32:48', '2024-12-07 02:32:48'),
(69, '3.2.4 จำนวนมาตรฐานที่ส่วนงานให้บริการทางวิชาการตามมาตรฐานในระดับชาติหรือระดับนานาชาติ', 'มาตรฐาน', '14', 30, NULL, NULL, '2024-12-07 02:33:31', '2024-12-07 02:33:31'),
(70, '3.3.1 จำนวนโครงการบริการวิชาการที่มีการรับรองการนำไปใช้ ประโยชน์และสร้างคุณค่าที่มีผลกระทบต่อชุมชน สังคม หรือประเทศชาติ', 'โครงการ', '12', 32, NULL, NULL, '2024-12-07 02:37:13', '2024-12-07 02:37:13'),
(71, '3.3.2 ร้อยละของจำนวนโครงการที่มหาวิทยาลัยให้บริการวิชาการเพิ่มขึ้นจากจำนวนโครงการเฉลี่ยสามปีย้อนหลัง', 'ร้อยละ', '5', 32, NULL, NULL, '2024-12-07 02:37:49', '2024-12-07 02:37:49'),
(72, '4.1.1 ร้อยละของบุคลากรที่ได้รับการพัฒนาทักษะ Re-skills/ Up-skills/New-skills ตามสมรรถนะ (Competency)', 'ร้อยละ', '96', 34, NULL, NULL, '2024-12-07 02:38:23', '2024-12-07 02:38:23'),
(73, '4.1.2 ร้อยละของบุคลากรสามารถใช้ภาษาต่างประเทศในการสื่อสารได้ตามเกณฑ์ที่กำหนด', 'ร้อยละ', '55', 34, NULL, NULL, '2024-12-07 02:53:39', '2024-12-07 02:53:39'),
(74, '4.1.3 ร้อยละของบุคลากรที่สามารถใช้เทคโนโลยีดิจิทัลสนับสนุนการปฏิบัติงานได้', 'ร้อยละ', '80', 34, NULL, NULL, '2024-12-07 02:54:08', '2024-12-07 02:54:08'),
(75, '4.2.1 ระดับความพึงพอใจในการใช้งานระบบสารสนเทศของมหาวิทยาลัย', 'คะแนนเฉลี่ย', '3.70', 36, NULL, NULL, '2024-12-07 02:54:43', '2024-12-07 02:54:43'),
(76, '4.2.2 เสถียรภาพในการให้บริการอินเทอร์เน็ตของส่วนงาน', 'ร้อยละ', '96', 36, NULL, NULL, '2024-12-07 02:55:01', '2024-12-07 02:55:01'),
(77, '4.2.3 จำนวนกระบวนการที่มีการปรับเปลี่ยนให้อยู่ในรูปแบบดิจิทัลตามเป้าหมายที่กำหนด', 'กระบวนการ', '3', 36, NULL, NULL, '2024-12-07 02:55:32', '2024-12-07 02:55:32'),
(78, '4.2.4 ร้อยละของการมีส่วนร่วมในการใช้ระบบดิจิทัลกลางของมหาวิทยาลัย', 'ร้อยละ', '60', 36, NULL, NULL, '2024-12-07 02:55:57', '2024-12-07 02:55:57'),
(79, '4.2.5 ระดับความสำเร็จของการนำข้อมูลภายในมหาวิทยาลัยมาวิเคราะห์เชิงลึกเพื่อให้เกิดประโยชน์', 'ระดับ', '3', 36, NULL, NULL, '2024-12-07 02:56:34', '2024-12-07 02:56:34'),
(80, '4.2.6 ระดับความสำเร็จในการนำสมรรถนะด้านดิจิทัลของบุคลากรมาใช้ในการบริหารงานบุคคล', 'ระดับ', '2', 36, NULL, NULL, '2024-12-07 02:57:02', '2024-12-07 02:57:02'),
(81, '4.3.1 จำนวนโครงการ/กิจกรรม ที่ส่งเสริมความรู้ คุณธรรม จริยธรรม ค่านิยมและจิตสำนึกที่ดี', 'โครงการ/กิจกรรม', '25', 38, NULL, NULL, '2024-12-07 02:57:34', '2024-12-07 02:57:34'),
(82, '4.3.2 ร้อยละของบุคลากรและนักศึกษาที่ได้รับการส่งเสริมความรู้ คุณธรรม จริยธรรม ค่านิยมและ จิตสำนึกที่ดี', 'ร้อยละ', '50', 38, NULL, NULL, '2024-12-07 02:58:06', '2024-12-07 02:58:06'),
(83, '4.3.3 จำนวนของกฎหมายอนุบัญญัติที่เกี่ยวข้องกับพันธกิจของมหาวิทยาลัยที่มีการพัฒนาและปรับปรุงให้ทันต่อการเปลี่ยนแปลง', 'ฉบับ/เรื่อง', '5', 38, NULL, NULL, '2024-12-07 02:58:56', '2024-12-07 02:58:56'),
(84, '4.3.4 จำนวนผลงานหรือกิจกรรมของมหาวิทยาลัยที่สร้างชื่อเสียงในระดับชาติและระดับนานาชาติที่ได้รับการประชาสัมพันธ์จากหน่วยงานภายนอก', 'ผลงาน/กิจกรรม', '200', 38, NULL, NULL, '2024-12-07 02:59:32', '2024-12-07 02:59:32'),
(85, '4.3.5 จำนวนโครงการหรือกิจกรรมที่เสริมสร้างเสถียรภาพและความมั่นคงทางการเงินอย่างยั่งยืน', 'โครงการ/กิจกรรม', '5', 38, NULL, NULL, '2024-12-07 03:00:19', '2024-12-07 03:00:19'),
(86, '4.3.6 จำนวนส่วนงานที่ได้รับการรับรองมาตรฐานสากล ด้านการบริหารจัดการ', 'ส่วนงาน', '8', 38, NULL, NULL, '2024-12-07 03:00:44', '2024-12-07 03:00:44'),
(87, '4.4.1 จำนวนหน่วยงานที่ได้รับการรับรองมาตรฐานสำนักงานสีเขียว (Green office) หรืออาคารเขียว (Green Building)', 'หน่วยงาน/ส่วนงาน/อาคาร', '2 (สะสม)', 40, NULL, NULL, '2024-12-07 03:01:16', '2024-12-07 03:01:16'),
(88, '4.4.2 จำนวนโครงการที่มหาวิทยาลัยดำเนินการเพื่อตอบสนองต่อเป้าหมายการพัฒนาที่ยั่งยืน (SDGs) หรือหลักปรัชญาเศรษฐกิจพอเพียง', 'โครงการ/กิจกรรม', '15', 40, NULL, NULL, '2024-12-07 03:01:44', '2024-12-07 03:01:44'),
(89, '4.4.3 จำนวนเป้าหมายการพัฒนาที่ยั่งยืน (SDGs) ที่มหาวิทยาลัยมุ่งเน้นดำเนินการ', 'เป้าหมาย', '6', 40, NULL, NULL, '2024-12-07 03:02:08', '2024-12-07 03:02:08'),
(90, '4.4.4 ระดับความพึงพอใจต่อการ ใช้พื้นที่ทางกายภาพ สภาพแวดล้อม และความปลอดภัยในการ ปฏิบัติงาน', 'คะแนนเฉลี่ย', '4.10', 40, NULL, NULL, '2024-12-07 03:02:58', '2024-12-07 03:02:58'),
(91, '4.4.5 ระดับความสำเร็จของแผนในการบำรุงรักษาเชิงป้องกัน', 'ระดับ', '3', 40, NULL, NULL, '2024-12-07 03:03:17', '2024-12-07 03:03:17');

-- --------------------------------------------------------

--
-- Table structure for table `k_p_i_main_map_projects`
--

CREATE TABLE `k_p_i_main_map_projects` (
  `KPIMainmapProjectID` bigint(20) UNSIGNED NOT NULL,
  `KPIMain3LVID` bigint(20) UNSIGNED NOT NULL,
  `goal3LVID` bigint(20) UNSIGNED DEFAULT NULL,
  `proID` bigint(20) UNSIGNED NOT NULL,
  `result1` varchar(20) DEFAULT NULL,
  `result2` varchar(20) DEFAULT NULL,
  `result3` varchar(20) DEFAULT NULL,
  `result4` varchar(20) DEFAULT NULL,
  `created_at` timestamp NULL DEFAULT NULL,
  `updated_at` timestamp NULL DEFAULT NULL
) ENGINE=InnoDB DEFAULT CHARSET=utf8mb4 COLLATE=utf8mb4_unicode_ci;

--
-- Dumping data for table `k_p_i_main_map_projects`
--

INSERT INTO `k_p_i_main_map_projects` (`KPIMainmapProjectID`, `KPIMain3LVID`, `goal3LVID`, `proID`, `result1`, `result2`, `result3`, `result4`, `created_at`, `updated_at`) VALUES
(263, 25, 17, 507, NULL, NULL, '8', NULL, '2025-04-28 07:21:16', '2025-04-28 07:22:31'),
(264, 17, 2, 508, NULL, NULL, NULL, NULL, '2025-04-28 08:00:50', '2025-04-28 08:17:01'),
(265, 84, 38, 509, NULL, NULL, '200', NULL, '2025-04-28 08:01:38', '2025-04-28 08:17:26'),
(266, 43, 17, 510, NULL, NULL, '50', NULL, '2025-04-28 08:29:43', '2025-04-28 08:30:16'),
(277, 42, 17, 521, NULL, NULL, '4', NULL, '2025-04-28 23:05:39', '2025-04-28 23:16:15'),
(278, 9, 2, 522, NULL, NULL, '1', NULL, '2025-04-28 23:09:59', '2025-04-28 23:17:22'),
(279, 41, 17, 523, NULL, NULL, NULL, NULL, '2025-04-28 23:11:46', '2025-04-28 23:17:56'),
(280, 42, 17, 523, NULL, NULL, NULL, NULL, '2025-04-28 23:11:46', '2025-04-28 23:17:56'),
(281, 53, 19, 524, NULL, NULL, NULL, NULL, '2025-04-28 23:13:19', '2025-04-28 23:14:45'),
(282, 44, 17, 525, NULL, NULL, NULL, NULL, '2025-04-28 23:16:03', '2025-04-28 23:18:27'),
(283, 42, 17, 526, NULL, NULL, NULL, NULL, '2025-04-29 01:03:19', '2025-04-29 01:08:39'),
(284, 43, 17, 527, NULL, NULL, NULL, NULL, '2025-04-29 01:15:00', '2025-04-29 01:15:07');

-- --------------------------------------------------------

--
-- Table structure for table `k_p_i_main_map_tactics`
--

CREATE TABLE `k_p_i_main_map_tactics` (
  `MapID` bigint(20) UNSIGNED NOT NULL,
  `KPIMain3LVID` bigint(20) UNSIGNED NOT NULL,
  `tac3LVID` bigint(20) UNSIGNED NOT NULL,
  `created_at` timestamp NULL DEFAULT NULL,
  `updated_at` timestamp NULL DEFAULT NULL
) ENGINE=InnoDB DEFAULT CHARSET=utf8mb4 COLLATE=utf8mb4_unicode_ci;

--
-- Dumping data for table `k_p_i_main_map_tactics`
--

INSERT INTO `k_p_i_main_map_tactics` (`MapID`, `KPIMain3LVID`, `tac3LVID`, `created_at`, `updated_at`) VALUES
(13, 7, 34, '2024-12-07 03:19:45', '2024-12-07 03:19:45'),
(14, 8, 34, '2024-12-07 03:19:45', '2024-12-07 03:19:45'),
(15, 9, 34, '2024-12-07 03:19:45', '2024-12-07 03:19:45'),
(16, 11, 34, '2024-12-07 03:19:45', '2024-12-07 03:19:45'),
(17, 17, 34, '2024-12-07 03:19:45', '2024-12-07 03:19:45'),
(18, 19, 34, '2024-12-07 03:19:45', '2024-12-07 03:19:45'),
(19, 21, 34, '2024-12-07 03:19:45', '2024-12-07 03:19:45'),
(20, 7, 35, '2024-12-07 03:22:00', '2024-12-07 03:22:00'),
(21, 8, 35, '2024-12-07 03:22:00', '2024-12-07 03:22:00'),
(22, 17, 35, '2024-12-07 03:22:00', '2024-12-07 03:22:00'),
(23, 19, 35, '2024-12-07 03:22:00', '2024-12-07 03:22:00'),
(24, 21, 35, '2024-12-07 03:22:00', '2024-12-07 03:22:00'),
(25, 10, 36, '2024-12-07 03:22:42', '2024-12-07 03:22:42'),
(26, 11, 36, '2024-12-07 03:22:42', '2024-12-07 03:22:42'),
(27, 7, 37, '2024-12-07 03:24:17', '2024-12-07 03:24:17'),
(28, 11, 37, '2024-12-07 03:24:17', '2024-12-07 03:24:17'),
(29, 17, 37, '2024-12-07 03:24:17', '2024-12-07 03:24:17'),
(30, 19, 37, '2024-12-07 03:24:17', '2024-12-07 03:24:17'),
(31, 21, 37, '2024-12-07 03:24:17', '2024-12-07 03:24:17'),
(32, 7, 38, '2024-12-07 03:25:12', '2024-12-07 03:25:12'),
(33, 8, 38, '2024-12-07 03:25:12', '2024-12-07 03:25:12'),
(34, 9, 38, '2024-12-07 03:25:12', '2024-12-07 03:25:12'),
(35, 11, 38, '2024-12-07 03:25:12', '2024-12-07 03:25:12'),
(36, 17, 38, '2024-12-07 03:25:12', '2024-12-07 03:25:12'),
(37, 19, 38, '2024-12-07 03:25:12', '2024-12-07 03:25:12'),
(38, 21, 38, '2024-12-07 03:25:12', '2024-12-07 03:25:12'),
(39, 9, 39, '2024-12-07 03:25:53', '2024-12-07 03:25:53'),
(40, 7, 40, '2024-12-07 03:29:13', '2024-12-07 03:29:13'),
(41, 8, 40, '2024-12-07 03:29:13', '2024-12-07 03:29:13'),
(42, 17, 40, '2024-12-07 03:29:13', '2024-12-07 03:29:13'),
(43, 19, 40, '2024-12-07 03:29:13', '2024-12-07 03:29:13'),
(44, 8, 41, '2024-12-07 03:30:51', '2024-12-07 03:30:51'),
(45, 17, 41, '2024-12-07 03:30:51', '2024-12-07 03:30:51'),
(46, 19, 42, '2024-12-07 03:32:06', '2024-12-07 03:32:06'),
(47, 10, 43, '2024-12-07 03:32:35', '2024-12-07 03:32:35'),
(48, 9, 44, '2024-12-07 03:34:10', '2024-12-07 03:34:10'),
(49, 10, 45, '2024-12-07 03:39:55', '2024-12-07 03:39:55'),
(50, 11, 45, '2024-12-07 03:39:55', '2024-12-07 03:39:55'),
(51, 17, 46, '2024-12-07 03:40:47', '2024-12-07 03:40:47'),
(52, 21, 47, '2024-12-07 03:41:28', '2024-12-07 03:41:28'),
(53, 41, 48, '2024-12-07 03:57:05', '2024-12-07 03:57:05'),
(54, 42, 48, '2024-12-07 03:57:05', '2024-12-07 03:57:05'),
(55, 23, 49, '2024-12-07 03:59:39', '2025-01-14 01:36:19'),
(56, 43, 49, '2024-12-07 03:59:39', '2025-01-14 01:28:10'),
(57, 23, 50, '2024-12-07 04:04:25', '2024-12-07 04:04:25'),
(58, 27, 50, '2024-12-07 04:04:25', '2024-12-07 04:04:25'),
(59, 43, 50, '2024-12-07 04:04:25', '2024-12-07 04:04:25'),
(60, 23, 51, '2024-12-07 04:06:02', '2024-12-07 04:06:02'),
(61, 25, 51, '2024-12-07 04:06:02', '2024-12-07 04:06:02'),
(62, 27, 51, '2024-12-07 04:06:02', '2024-12-07 04:06:02'),
(63, 42, 51, '2024-12-07 04:06:02', '2024-12-07 04:06:02'),
(64, 43, 51, '2024-12-07 04:06:02', '2024-12-07 04:06:02'),
(65, 44, 51, '2024-12-07 04:06:02', '2024-12-07 04:06:02'),
(66, 25, 52, '2024-12-07 04:19:31', '2024-12-07 04:19:31'),
(67, 41, 52, '2024-12-07 04:19:31', '2024-12-07 04:19:31'),
(68, 42, 52, '2024-12-07 04:19:31', '2024-12-07 04:19:31'),
(69, 43, 52, '2024-12-07 04:19:31', '2024-12-07 04:19:31'),
(70, 44, 52, '2024-12-07 04:19:31', '2024-12-07 04:19:31'),
(71, 25, 53, '2024-12-07 04:20:04', '2024-12-07 04:20:04'),
(72, 41, 53, '2024-12-07 04:20:04', '2024-12-07 04:20:04'),
(73, 42, 53, '2024-12-07 04:20:04', '2024-12-07 04:20:04'),
(74, 43, 53, '2024-12-07 04:20:04', '2024-12-07 04:20:04'),
(75, 44, 53, '2024-12-07 04:20:04', '2024-12-07 04:20:04'),
(76, 27, 54, '2024-12-07 04:20:18', '2024-12-07 04:20:18'),
(77, 25, 55, '2024-12-07 04:20:40', '2024-12-07 04:20:40'),
(78, 23, 56, '2024-12-07 04:20:50', '2024-12-07 04:20:50'),
(79, 25, 57, '2024-12-07 04:21:21', '2024-12-07 04:21:21'),
(80, 27, 58, '2024-12-07 04:21:37', '2024-12-07 04:21:37'),
(81, 28, 58, '2024-12-07 04:21:37', '2024-12-07 04:21:37'),
(82, 25, 59, '2024-12-07 04:22:05', '2025-01-14 01:42:15'),
(83, 41, 59, '2024-12-07 04:22:05', '2025-01-14 01:42:15'),
(84, 42, 59, '2024-12-07 04:22:05', '2025-01-14 01:42:15'),
(85, 43, 59, '2024-12-07 04:22:05', '2025-01-14 01:42:15'),
(86, 44, 60, '2024-12-07 04:22:16', '2024-12-07 04:22:16'),
(88, 46, 62, '2024-12-07 04:22:38', '2024-12-07 04:22:38'),
(89, 23, 63, '2024-12-07 04:22:49', '2024-12-07 04:22:49'),
(90, 45, 63, '2024-12-07 04:22:49', '2024-12-07 04:22:49'),
(91, 45, 64, '2024-12-07 04:23:00', '2024-12-07 04:23:00'),
(102, 45, 61, '2025-01-14 01:24:01', '2025-01-14 01:24:01'),
(118, 23, 70, '2025-01-14 01:48:43', '2025-01-14 01:48:43'),
(119, 45, 70, '2025-01-14 01:48:43', '2025-01-14 01:48:43'),
(122, 47, 73, '2025-01-14 09:13:03', '2025-01-14 09:13:03'),
(123, 48, 73, '2025-01-14 09:13:03', '2025-01-14 09:13:03'),
(124, 49, 73, '2025-01-14 09:13:03', '2025-01-14 09:13:03'),
(125, 50, 73, '2025-01-14 09:13:03', '2025-01-14 09:13:03'),
(126, 51, 73, '2025-01-14 09:13:03', '2025-01-14 09:13:03'),
(127, 29, 74, '2025-01-14 09:14:17', '2025-01-14 09:14:17'),
(128, 30, 74, '2025-01-14 09:14:17', '2025-01-14 09:14:17'),
(129, 52, 74, '2025-01-14 09:14:17', '2025-01-14 09:14:17'),
(130, 53, 74, '2025-01-14 09:14:17', '2025-01-14 09:14:17'),
(131, 54, 74, '2025-01-14 09:14:17', '2025-01-14 09:14:17'),
(132, 55, 74, '2025-01-14 09:14:17', '2025-01-14 09:14:17'),
(133, 56, 74, '2025-01-14 09:14:17', '2025-01-14 09:14:17'),
(134, 29, 75, '2025-01-14 09:15:16', '2025-01-14 09:15:16'),
(135, 30, 75, '2025-01-14 09:15:16', '2025-01-14 09:15:16'),
(136, 52, 75, '2025-01-14 09:15:16', '2025-01-14 09:15:16'),
(137, 53, 75, '2025-01-14 09:15:16', '2025-01-14 09:15:16'),
(138, 54, 75, '2025-01-14 09:15:16', '2025-01-14 09:15:16'),
(139, 55, 75, '2025-01-14 09:15:16', '2025-01-14 09:15:16'),
(140, 56, 75, '2025-01-14 09:15:16', '2025-01-14 09:15:16'),
(141, 57, 76, '2025-01-14 09:16:04', '2025-01-14 09:16:04'),
(142, 58, 76, '2025-01-14 09:16:04', '2025-01-14 09:16:04'),
(143, 59, 76, '2025-01-14 09:16:04', '2025-01-14 09:16:04'),
(144, 60, 76, '2025-01-14 09:16:04', '2025-01-14 09:16:04'),
(145, 61, 76, '2025-01-14 09:16:04', '2025-01-14 09:16:04'),
(146, 62, 76, '2025-01-14 09:16:04', '2025-01-14 09:16:04'),
(147, 57, 77, '2025-01-14 09:16:33', '2025-01-14 09:16:33'),
(148, 58, 77, '2025-01-14 09:16:33', '2025-01-14 09:16:33'),
(149, 59, 77, '2025-01-14 09:16:33', '2025-01-14 09:16:33'),
(150, 60, 77, '2025-01-14 09:16:33', '2025-01-14 09:16:33'),
(151, 61, 77, '2025-01-14 09:16:33', '2025-01-14 09:16:33'),
(152, 62, 77, '2025-01-14 09:16:33', '2025-01-14 09:16:33'),
(153, 57, 78, '2025-01-14 09:17:11', '2025-01-14 09:17:11'),
(154, 58, 78, '2025-01-14 09:17:11', '2025-01-14 09:17:11'),
(155, 59, 78, '2025-01-14 09:17:11', '2025-01-14 09:17:11'),
(156, 60, 78, '2025-01-14 09:17:11', '2025-01-14 09:17:11'),
(157, 61, 78, '2025-01-14 09:17:11', '2025-01-14 09:17:11'),
(158, 62, 78, '2025-01-14 09:17:11', '2025-01-14 09:17:11'),
(159, 63, 79, '2025-01-14 09:17:25', '2025-01-14 09:17:25'),
(160, 63, 80, '2025-01-14 09:17:58', '2025-01-14 09:17:58'),
(166, 64, 84, '2025-04-03 06:17:23', '2025-04-03 06:17:23'),
(167, 65, 84, '2025-04-03 06:17:23', '2025-04-03 06:17:23'),
(168, 64, 85, '2025-04-03 06:18:48', '2025-04-03 06:18:48'),
(169, 65, 85, '2025-04-03 06:18:48', '2025-04-03 06:18:48'),
(170, 65, 86, '2025-04-03 06:23:02', '2025-04-03 06:23:02'),
(171, 67, 87, '2025-04-03 06:23:40', '2025-04-03 06:23:40'),
(172, 68, 87, '2025-04-03 06:23:40', '2025-04-03 06:23:40'),
(173, 69, 87, '2025-04-03 06:23:40', '2025-04-03 06:23:40'),
(174, 66, 88, '2025-04-03 06:24:06', '2025-04-03 06:24:06'),
(175, 67, 89, '2025-04-03 06:24:37', '2025-04-03 06:24:37'),
(176, 70, 90, '2025-04-03 06:25:45', '2025-04-03 06:25:45'),
(177, 71, 90, '2025-04-03 06:25:45', '2025-04-03 06:25:45'),
(178, 70, 91, '2025-04-03 06:26:20', '2025-04-03 06:26:20'),
(179, 71, 91, '2025-04-03 06:26:20', '2025-04-03 06:26:20'),
(180, 70, 92, '2025-04-03 06:27:08', '2025-04-03 06:27:08'),
(181, 71, 93, '2025-04-03 06:27:47', '2025-04-03 06:27:47'),
(182, 72, 94, '2025-04-03 06:28:07', '2025-04-03 06:28:07'),
(183, 72, 95, '2025-04-03 06:28:28', '2025-04-03 06:28:28'),
(184, 73, 96, '2025-04-03 06:28:56', '2025-04-03 06:28:56'),
(185, 74, 97, '2025-04-03 06:29:18', '2025-04-03 06:29:18'),
(186, 72, 98, '2025-04-03 06:30:04', '2025-04-03 06:30:04'),
(187, 73, 98, '2025-04-03 06:30:04', '2025-04-03 06:30:04'),
(188, 74, 98, '2025-04-03 06:30:04', '2025-04-03 06:30:04'),
(189, 75, 99, '2025-04-03 06:30:27', '2025-04-03 06:30:27'),
(190, 76, 100, '2025-04-03 06:30:57', '2025-04-03 06:30:57'),
(191, 77, 101, '2025-04-03 06:31:46', '2025-04-03 06:31:46'),
(192, 78, 102, '2025-04-03 06:32:31', '2025-04-03 06:32:31'),
(193, 80, 102, '2025-04-03 06:32:31', '2025-04-03 06:32:31'),
(194, 79, 103, '2025-04-03 06:32:56', '2025-04-03 06:32:56'),
(195, 81, 104, '2025-04-03 06:35:24', '2025-04-03 06:35:24'),
(196, 82, 104, '2025-04-03 06:35:24', '2025-04-03 06:35:24'),
(197, 83, 105, '2025-04-03 06:35:50', '2025-04-03 06:35:50'),
(198, 83, 106, '2025-04-03 06:36:39', '2025-04-03 06:36:39'),
(199, 86, 106, '2025-04-03 06:36:39', '2025-04-03 06:36:39'),
(200, 84, 107, '2025-04-03 06:37:04', '2025-04-03 06:37:04'),
(201, 83, 108, '2025-04-03 06:37:38', '2025-04-03 06:37:38'),
(202, 85, 109, '2025-04-03 06:38:04', '2025-04-03 06:38:04'),
(203, 86, 110, '2025-04-03 06:38:22', '2025-04-03 06:38:22'),
(204, 91, 111, '2025-04-03 06:40:01', '2025-04-03 06:40:01'),
(205, 88, 112, '2025-04-03 06:40:27', '2025-04-03 06:40:27'),
(206, 89, 112, '2025-04-03 06:40:27', '2025-04-03 06:40:27'),
(207, 90, 113, '2025-04-03 06:40:52', '2025-04-03 06:40:52'),
(208, 87, 114, '2025-04-03 06:41:18', '2025-04-03 06:41:18');

-- --------------------------------------------------------

--
-- Table structure for table `k_p_i_projects`
--

CREATE TABLE `k_p_i_projects` (
  `KPIProID` bigint(20) UNSIGNED NOT NULL,
  `name` varchar(255) DEFAULT NULL,
  `countKPIProID` bigint(50) UNSIGNED DEFAULT NULL,
  `target` float DEFAULT NULL,
  `proID` bigint(20) UNSIGNED NOT NULL,
  `result1` double DEFAULT NULL,
  `result2` double DEFAULT NULL,
  `result3` double DEFAULT NULL,
  `result4` double DEFAULT NULL,
  `result_eva` varchar(20) DEFAULT NULL,
  `created_at` timestamp NULL DEFAULT NULL,
  `updated_at` timestamp NULL DEFAULT NULL
) ENGINE=InnoDB DEFAULT CHARSET=utf8mb4 COLLATE=utf8mb4_unicode_ci;

--
-- Dumping data for table `k_p_i_projects`
--

INSERT INTO `k_p_i_projects` (`KPIProID`, `name`, `countKPIProID`, `target`, `proID`, `result1`, `result2`, `result3`, `result4`, `result_eva`, `created_at`, `updated_at`) VALUES
(379, 'ตัวชี้วัด1', 1, 100, 507, NULL, NULL, 98, NULL, '95', '2025-04-28 07:21:16', '2025-04-28 07:22:31'),
(380, 'ตัวชี้วัด1', 3, 100, 508, NULL, NULL, NULL, NULL, NULL, '2025-04-28 08:00:50', '2025-04-28 08:17:01'),
(381, 'ตัวชี้วัด1', 3, 100, 509, NULL, NULL, 87, NULL, '98', '2025-04-28 08:01:38', '2025-04-28 08:17:26'),
(382, 'ตัวชี้วัด1', 1, 50, 510, NULL, NULL, 49, NULL, '98', '2025-04-28 08:29:43', '2025-04-28 08:30:16'),
(383, 'kpi1', 1, 40, 511, 50, NULL, NULL, NULL, '98', '2025-04-28 18:05:47', '2025-04-28 18:07:59'),
(384, 'kpi1', 3, 40, 512, NULL, NULL, NULL, NULL, NULL, '2025-04-28 18:38:26', '2025-04-28 18:38:45'),
(385, 'kpi1', 3, 40, 513, NULL, NULL, NULL, NULL, NULL, '2025-04-28 21:18:28', '2025-04-28 21:18:48'),
(386, 'kpi1', 3, 40, 514, NULL, NULL, NULL, NULL, NULL, '2025-04-28 21:25:34', '2025-04-28 21:26:35'),
(387, 'kpi1', 1, 70, 515, NULL, NULL, NULL, NULL, NULL, '2025-04-28 21:26:14', '2025-04-28 21:27:09'),
(388, 'kpi1', 3, 4, 516, NULL, NULL, NULL, NULL, NULL, '2025-04-28 22:37:55', '2025-04-28 22:37:55'),
(389, 'kpi1', 1, 4, 517, 4, NULL, NULL, NULL, '63', '2025-04-28 23:01:12', '2025-04-28 23:06:36'),
(390, 'kpi1', 1, 4, 518, NULL, NULL, NULL, NULL, NULL, '2025-04-28 23:02:22', '2025-04-28 23:07:00'),
(391, 'kpi1', 3, 4, 519, NULL, NULL, NULL, NULL, NULL, '2025-04-28 23:03:16', '2025-04-28 23:08:04'),
(392, 'kpi1', 3, 4, 520, NULL, NULL, NULL, NULL, NULL, '2025-04-28 23:04:45', '2025-04-28 23:08:30'),
(393, 'kpi1', 1, 4, 521, NULL, NULL, 2, NULL, '98', '2025-04-28 23:05:39', '2025-04-28 23:16:15'),
(394, 'kpi1', 3, 4, 522, NULL, NULL, 5, NULL, '90', '2025-04-28 23:09:59', '2025-04-28 23:17:22'),
(395, 'kpi1', 3, 4, 523, NULL, NULL, NULL, NULL, NULL, '2025-04-28 23:11:46', '2025-04-28 23:17:56'),
(396, 'kpi1', 3, 4, 524, NULL, NULL, NULL, NULL, NULL, '2025-04-28 23:13:19', '2025-04-28 23:14:45'),
(397, 'kpi1', 1, 4, 525, NULL, NULL, NULL, NULL, NULL, '2025-04-28 23:16:03', '2025-04-28 23:18:27'),
(398, 'kpi1', 1, 4, 526, NULL, NULL, NULL, NULL, NULL, '2025-04-29 01:03:19', '2025-04-29 01:08:39'),
(399, 'kpi1', 3, 4, 527, NULL, NULL, NULL, NULL, NULL, '2025-04-29 01:15:00', '2025-04-29 01:15:07');

-- --------------------------------------------------------

--
-- Table structure for table `migrations`
--

CREATE TABLE `migrations` (
  `id` int(10) UNSIGNED NOT NULL,
  `migration` varchar(255) NOT NULL,
  `batch` int(11) NOT NULL
) ENGINE=InnoDB DEFAULT CHARSET=utf8mb4 COLLATE=utf8mb4_unicode_ci;

--
-- Dumping data for table `migrations`
--

INSERT INTO `migrations` (`id`, `migration`, `batch`) VALUES
(1, '2024_07_25_173520_create_news_table', 1),
(2, '2024_07_25_174512_create_sessions_table', 2),
(3, '2024_07_26_041430_create_users_table', 3),
(4, '2024_07_26_061759_create_years_table', 4),
(5, '2024_08_15_155902_create_cost_types_table', 5),
(6, '2024_08_15_182229_create_expense_badgets_table', 6),
(7, '2024_08_16_035121_create_project_charecs_table', 7),
(8, '2014_10_12_100000_create_password_resets_table', 8),
(9, '2024_08_31_084031_create_statuses_table', 8),
(10, '2024_08_31_095642_create_uni_plans_table', 9),
(11, '2024_09_02_065552_create_badget_types_table', 10),
(12, '2024_09_02_083037_create_project_types_table', 11),
(13, '2024_09_02_085715_create_project_integrats_table', 12),
(14, '2024_09_03_082154_create_targets_table', 13),
(15, '2024_09_03_101324_add_fields_to_cost_types_table', 14),
(16, '2024_09_04_082809_rename_id_to_expid_in_expense_badgets_table', 14),
(17, '2024_09_14_060448_create_cost_types_table', 15),
(18, '2024_09_14_074038_create_strategics_table', 16),
(19, '2024_09_16_114029_create_strategic_issues_table', 16),
(20, '2024_09_16_151449_create_goals_table', 17),
(21, '2024_09_17_153706_create_tactics_table', 18),
(22, '2024_09_28_072834_create_k_p_i_mains_table', 19),
(23, '2024_09_28_084612_create_k_p_i_mains_table', 20),
(24, '2024_09_28_085417_create_k_p_i_mains_table', 21),
(25, '2024_10_02_090111_create_uni_plans_table', 22),
(26, '2024_10_02_090415_create_funds_table', 23),
(27, '2024_10_02_142344_add_foreign_key_to_table_expense_badgets', 24),
(28, '2024_10_02_144227_create_expense_badgets_table', 25),
(29, '2024_10_02_144247_create_cost_types_table', 25),
(30, '2024_10_11_045553_create_projects_table', 26),
(31, '2024_10_31_092449_create_objectives_table', 27),
(32, '2024_10_31_093021_create_steps_table', 28),
(33, '2024_10_31_100803_create_benefits_table', 29),
(34, '2024_10_31_110849_create_k_p_i_projects_table', 30),
(35, '2024_11_01_134202_create_projects_table', 31),
(36, '2024_11_02_130631_create_cost_quarters_table', 32),
(37, '2024_11_02_143547_create_objective_projects_table', 33),
(38, '2024_11_02_161216_create_strategic_maps_table', 34),
(39, '2024_11_03_115641_create_objective_maps_table', 35),
(40, '2024_11_03_120932_create_k_p_i_project_maps_table', 36),
(41, '2024_11_04_051527_create_benefit_maps_table', 37),
(42, '2024_11_19_133139_create_k_p_i_main_map_tactics_table', 38),
(43, '2024_11_26_045804_create_files_table', 39),
(44, '2024_11_27_070652_create_count_projects_table', 40),
(45, '2024_11_27_080125_create_count_k_p_i_projects_table', 41),
(46, '2024_12_02_103004_create_users_map_projects_table', 42),
(47, '2025_01_08_082904_create_comments_table', 43),
(48, '2025_01_10_104635_create_strategic2_levels_table', 44),
(49, '2025_01_10_113026_create_strategic_issues2_levels_table', 45),
(50, '2025_01_10_141625_create_k_p_i_main2_levels_table', 46),
(51, '2025_01_10_154126_create_tactic2_levels_table', 47),
(52, '2025_01_10_164308_create_tactic2_level_map_k_p_i_main2_levels_table', 48),
(53, '2025_01_11_113602_create_strategic1_levels_table', 49),
(54, '2025_01_11_115423_create_target1_levels_table', 50),
(55, '2025_01_29_061431_create_k_p_i_main_map_projects_table', 51),
(56, '2025_01_30_071148_rename_strategics_to_strategic3_levels', 51),
(57, '2025_01_30_075551_create_strategic2_level_map_projects_table', 52),
(58, '2025_01_30_115042_create_k_p_i_main2_level_map_projects_table', 53),
(59, '2025_01_30_122457_create_strategic1_level_map_projects_table', 54),
(60, '2025_02_20_072245_create_quarters_table', 55),
(61, '2025_02_20_072633_create_progress_details_table', 56),
(62, '2025_02_20_072652_create_report_quarters_table', 56),
(63, '2025_02_24_140059_create_operating_results_table', 57),
(64, '2025_02_24_165748_create_project_evaluations_table', 58),
(65, '2025_04_03_095215_create_date_in_plans_table', 59),
(66, '2025_04_06_104959_create_date_report_quarters_table', 60),
(67, '2025_04_06_112732_create_date_report_quarters_table', 61);

-- --------------------------------------------------------

--
-- Table structure for table `news`
--

CREATE TABLE `news` (
  `id` bigint(20) UNSIGNED NOT NULL,
  `title` varchar(255) NOT NULL,
  `content` text NOT NULL,
  `img` varchar(255) DEFAULT NULL,
  `created_at` timestamp NULL DEFAULT NULL,
  `updated_at` timestamp NULL DEFAULT NULL
) ENGINE=InnoDB DEFAULT CHARSET=utf8mb4 COLLATE=utf8mb4_unicode_ci;

--
-- Dumping data for table `news`
--

INSERT INTO `news` (`id`, `title`, `content`, `img`, `created_at`, `updated_at`) VALUES
(45, 'แผนพัฒนาการศกษาระดับอุดมศึกษา แบับที่ 13 (พ.ศ2567-2570)', 'ข่าว1', 'image (1).png', '2024-11-18 02:58:57', '2024-11-18 02:58:57'),
(46, 'ข่าว2', 'ข่าว2', 'แผนดิจิทัล.png', '2024-11-18 02:59:35', '2024-11-18 02:59:35');

-- --------------------------------------------------------

--
-- Table structure for table `objectives`
--

CREATE TABLE `objectives` (
  `objID` bigint(20) UNSIGNED NOT NULL,
  `detail` varchar(255) DEFAULT NULL,
  `achieve` tinyint(1) DEFAULT NULL,
  `proID` bigint(20) UNSIGNED NOT NULL,
  `created_at` timestamp NULL DEFAULT NULL,
  `updated_at` timestamp NULL DEFAULT NULL
) ENGINE=InnoDB DEFAULT CHARSET=utf8mb4 COLLATE=utf8mb4_unicode_ci;

--
-- Dumping data for table `objectives`
--

INSERT INTO `objectives` (`objID`, `detail`, `achieve`, `proID`, `created_at`, `updated_at`) VALUES
(692, 'วัตถุประสงค์1', 1, 507, '2025-04-28 07:22:31', '2025-04-28 07:22:31'),
(695, 'วัตถุประสงค์1', NULL, 508, '2025-04-28 08:17:01', '2025-04-28 08:17:01'),
(696, 'วัตถุประสงค์1', 1, 509, '2025-04-28 08:17:26', '2025-04-28 08:17:26'),
(698, 'วัตถุประสงค์1', 0, 510, '2025-04-28 08:30:16', '2025-04-28 08:30:16'),
(700, 'วัตถุประสงค์1', 1, 511, '2025-04-28 18:07:59', '2025-04-28 18:07:59'),
(702, 'วัตถุประสงค์1', NULL, 512, '2025-04-28 18:38:45', '2025-04-28 18:38:45'),
(704, 'วัตถุประสงค์1', NULL, 513, '2025-04-28 21:18:48', '2025-04-28 21:18:48'),
(707, 'วัตถุประสงค์1', NULL, 514, '2025-04-28 21:26:35', '2025-04-28 21:26:35'),
(708, 'วัตถุประสงค์1', NULL, 515, '2025-04-28 21:27:09', '2025-04-28 21:27:09'),
(709, 'วัตถุประสงค์1', NULL, 516, '2025-04-28 22:37:55', '2025-04-28 22:37:55'),
(715, 'วัตถุประสงค์1', 1, 517, '2025-04-28 23:06:36', '2025-04-28 23:06:36'),
(716, 'วัตถุประสงค์1', NULL, 518, '2025-04-28 23:07:00', '2025-04-28 23:07:00'),
(717, 'วัตถุประสงค์1', NULL, 519, '2025-04-28 23:08:04', '2025-04-28 23:08:04'),
(718, 'วัตถุประสงค์1', NULL, 520, '2025-04-28 23:08:30', '2025-04-28 23:08:30'),
(723, 'วัตถุประสงค์1', NULL, 524, '2025-04-28 23:14:45', '2025-04-28 23:14:45'),
(725, 'วัตถุประสงค์1', 1, 521, '2025-04-28 23:16:15', '2025-04-28 23:16:15'),
(726, 'วัตถุประสงค์1', 1, 522, '2025-04-28 23:17:22', '2025-04-28 23:17:22'),
(727, 'วัตถุประสงค์1', NULL, 523, '2025-04-28 23:17:56', '2025-04-28 23:17:56'),
(728, 'วัตถุประสงค์1', NULL, 525, '2025-04-28 23:18:27', '2025-04-28 23:18:27'),
(730, 'วัตถุประสงค์1', NULL, 526, '2025-04-29 01:08:39', '2025-04-29 01:08:39'),
(732, 'วัตถุประสงค์1', NULL, 527, '2025-04-29 01:15:07', '2025-04-29 01:15:07');

-- --------------------------------------------------------

--
-- Table structure for table `operating_results`
--

CREATE TABLE `operating_results` (
  `operID` bigint(20) UNSIGNED NOT NULL,
  `name` varchar(255) NOT NULL,
  `created_at` timestamp NULL DEFAULT NULL,
  `updated_at` timestamp NULL DEFAULT NULL
) ENGINE=InnoDB DEFAULT CHARSET=utf8mb4 COLLATE=utf8mb4_unicode_ci;

--
-- Dumping data for table `operating_results`
--

INSERT INTO `operating_results` (`operID`, `name`, `created_at`, `updated_at`) VALUES
(1, 'ดำเนินการแล้วเสร็จตามระยะเวลาที่กำหนดไว้ในโครงการ', '2025-02-24 14:08:37', '2025-02-24 14:08:37'),
(2, 'ไม่เป็นไปตามะยะเวลาที่กำหนดไว้ในโครงการ', '2025-02-24 14:08:37', '2025-02-24 14:08:37'),
(3, 'ขอเลื่อนการดำเนินการ', '2025-02-24 14:10:27', '2025-02-24 14:10:27'),
(4, 'เสนอขอยกเลิก', '2025-02-24 14:10:27', '2025-02-24 14:10:27');

-- --------------------------------------------------------

--
-- Table structure for table `password_resets`
--

CREATE TABLE `password_resets` (
  `email` varchar(255) NOT NULL,
  `token` varchar(255) NOT NULL,
  `created_at` timestamp NULL DEFAULT NULL
) ENGINE=InnoDB DEFAULT CHARSET=utf8mb4 COLLATE=utf8mb4_unicode_ci;

-- --------------------------------------------------------

--
-- Table structure for table `progress_details`
--

CREATE TABLE `progress_details` (
  `DetailID` bigint(20) UNSIGNED NOT NULL,
  `detail` varchar(255) NOT NULL,
  `reportID` bigint(20) UNSIGNED NOT NULL,
  `created_at` timestamp NULL DEFAULT NULL,
  `updated_at` timestamp NULL DEFAULT NULL
) ENGINE=InnoDB DEFAULT CHARSET=utf8mb4 COLLATE=utf8mb4_unicode_ci;

--
-- Dumping data for table `progress_details`
--

INSERT INTO `progress_details` (`DetailID`, `detail`, `reportID`, `created_at`, `updated_at`) VALUES
(110, 'รายละเอียด', 115, '2025-04-28 09:33:35', '2025-04-28 09:33:35'),
(111, 'รายละเอียด', 116, '2025-04-28 09:39:48', '2025-04-28 09:39:48'),
(112, 'รายละเอียด', 117, '2025-04-28 18:56:35', '2025-04-28 18:56:35'),
(113, 'รายละเอียด', 118, '2025-04-28 20:04:36', '2025-04-28 20:04:36'),
(114, 'ikp', 119, '2025-04-29 01:19:55', '2025-04-29 01:19:55'),
(115, 'รายละเอียด', 120, '2025-04-29 01:23:19', '2025-04-29 01:23:19'),
(116, 'รายละ', 121, '2025-04-29 01:34:06', '2025-04-29 01:34:06');

-- --------------------------------------------------------

--
-- Table structure for table `projects`
--

CREATE TABLE `projects` (
  `proID` bigint(20) UNSIGNED NOT NULL,
  `name` varchar(255) NOT NULL,
  `format` varchar(255) NOT NULL,
  `princiDetail` longtext NOT NULL,
  `proTypeID` bigint(20) UNSIGNED NOT NULL,
  `yearID` bigint(20) UNSIGNED NOT NULL,
  `proChaID` bigint(20) UNSIGNED NOT NULL,
  `proInID` bigint(20) UNSIGNED NOT NULL,
  `proInDetail` varchar(255) DEFAULT NULL,
  `tarID` bigint(20) UNSIGNED NOT NULL,
  `badID` bigint(20) UNSIGNED NOT NULL,
  `badgetTotal` float NOT NULL,
  `planID` bigint(20) UNSIGNED NOT NULL,
  `statusID` bigint(20) UNSIGNED NOT NULL,
  `approverID` bigint(20) UNSIGNED NOT NULL,
  `created_at` timestamp NULL DEFAULT NULL,
  `updated_at` timestamp NULL DEFAULT NULL
) ENGINE=InnoDB DEFAULT CHARSET=utf8mb4 COLLATE=utf8mb4_unicode_ci;

--
-- Dumping data for table `projects`
--

INSERT INTO `projects` (`proID`, `name`, `format`, `princiDetail`, `proTypeID`, `yearID`, `proChaID`, `proInID`, `proInDetail`, `tarID`, `badID`, `badgetTotal`, `planID`, `statusID`, `approverID`, `created_at`, `updated_at`) VALUES
(507, 'โครงการนอกแผน1', 'team', 'หลักการ', 4, 9, 2, 2, NULL, 2, 2, 10200, 6, 9, 55, '2025-04-28 07:21:16', '2025-04-28 07:22:31'),
(508, 'โครงการนอกแผน2', 'team', 'หลักการ', 4, 9, 2, 2, NULL, 2, 2, 10200, 6, 15, 10, '2025-04-28 08:00:50', '2025-04-28 08:17:01'),
(509, 'โครงการนอกแผน3', 'team', 'หลักการ', 4, 9, 2, 2, NULL, 2, 2, 10200, 6, 8, 10, '2025-04-28 08:01:38', '2025-04-28 08:17:26'),
(510, 'โครงการนอกแผน5', 'team', 'หลักการ', 4, 9, 2, 2, NULL, 2, 2, 10200, 6, 10, 10, '2025-04-28 08:29:43', '2025-04-28 08:30:16'),
(511, 'โครงการในแผน', 'team', 'หลักการ', 3, 16, 2, 2, NULL, 2, 2, 8000, 6, 8, 55, '2025-04-28 18:05:47', '2025-04-28 18:07:59'),
(512, 'โครงการในแผน2', 'team', 'หลักการ', 3, 16, 2, 2, NULL, 2, 2, 8000, 6, 4, 55, '2025-04-28 18:38:26', '2025-04-28 18:38:45'),
(513, 'โครงการในแผน3', 'team', 'หลักการ', 3, 16, 2, 2, NULL, 2, 2, 8000, 6, 4, 55, '2025-04-28 21:18:28', '2025-04-28 21:18:48'),
(514, 'โครงการในแผน4', 'team', 'หลักการ', 3, 16, 2, 2, NULL, 2, 2, 8000, 6, 4, 55, '2025-04-28 21:25:34', '2025-04-28 21:26:35'),
(515, 'โครงการในแผน5', 'team', 'หลักการ', 3, 16, 2, 2, NULL, 2, 2, 8000, 6, 4, 55, '2025-04-28 21:26:14', '2025-04-28 21:27:09'),
(516, 'โครงการในแผน6', 'team', 'หลักการ', 3, 16, 2, 2, NULL, 2, 2, 8000, 6, 14, 55, '2025-04-28 22:37:55', '2025-04-28 22:37:55'),
(517, 'โครงการในแผน7', 'team', 'หลักการ', 3, 16, 2, 2, NULL, 2, 2, 8000, 6, 8, 55, '2025-04-28 23:01:11', '2025-04-28 23:06:36'),
(518, 'โครงการในแผน8', 'team', 'หลักการ', 3, 16, 2, 2, NULL, 2, 2, 8000, 6, 3, 55, '2025-04-28 23:02:22', '2025-04-28 23:07:00'),
(519, 'โครงการในแผน9', 'team', 'หลักการ', 3, 16, 2, 2, NULL, 2, 2, 8000, 6, 3, 55, '2025-04-28 23:03:16', '2025-04-28 23:08:03'),
(520, 'โครงการในแผน10', 'team', 'หลักการ', 3, 16, 2, 2, NULL, 2, 2, 8000, 6, 1, 55, '2025-04-28 23:04:45', '2025-04-28 23:08:30'),
(521, 'โครงการนอกแผน6', 'team', 'หลักการ', 4, 9, 2, 2, NULL, 2, 2, 8000, 6, 5, 55, '2025-04-28 23:05:39', '2025-04-28 23:16:15'),
(522, 'โครงการนอกแผน7', 'team', 'หลักการ', 4, 9, 2, 2, NULL, 2, 2, 8000, 6, 5, 55, '2025-04-28 23:09:59', '2025-04-28 23:17:22'),
(523, 'โครงการนอกแผน8', 'team', 'หลักการ', 4, 9, 2, 2, NULL, 2, 2, 8000, 6, 4, 55, '2025-04-28 23:11:46', '2025-04-28 23:17:56'),
(524, 'โครงการนอกแผน9', 'team', 'หลักการ', 4, 9, 2, 2, NULL, 2, 2, 8000, 6, 3, 55, '2025-04-28 23:13:18', '2025-04-28 23:14:45'),
(525, 'โครงการนอกแผน10', 'team', 'หลักการ', 4, 9, 2, 2, NULL, 2, 2, 8000, 6, 3, 55, '2025-04-28 23:16:02', '2025-04-28 23:18:27'),
(526, 'โครงการนอกแผน10', 'team', 'หลักการ', 4, 9, 2, 2, NULL, 2, 2, 8000, 6, 12, 55, '2025-04-29 01:03:19', '2025-04-29 01:08:39'),
(527, 'โครงการนอกแผน', 'team', 'หลักการ', 4, 9, 2, 2, NULL, 2, 2, 24200, 6, 2, 55, '2025-04-29 01:15:00', '2025-04-29 01:15:07');

-- --------------------------------------------------------

--
-- Table structure for table `project_charecs`
--

CREATE TABLE `project_charecs` (
  `proChaID` bigint(20) UNSIGNED NOT NULL,
  `name` varchar(255) NOT NULL,
  `created_at` timestamp NULL DEFAULT NULL,
  `updated_at` timestamp NULL DEFAULT NULL
) ENGINE=InnoDB DEFAULT CHARSET=utf8mb4 COLLATE=utf8mb4_unicode_ci;

--
-- Dumping data for table `project_charecs`
--

INSERT INTO `project_charecs` (`proChaID`, `name`, `created_at`, `updated_at`) VALUES
(2, 'โครงการใหม่', '2024-08-15 21:49:56', '2024-08-15 21:49:56'),
(4, 'โครงการต่อเนื่อง', '2024-08-15 22:10:17', '2024-08-15 22:10:17'),
(5, 'งานประจำ', '2024-08-15 22:58:35', '2024-08-15 22:58:35'),
(9, 'งานพัฒนา', '2024-09-02 10:59:17', '2024-09-02 10:59:17');

-- --------------------------------------------------------

--
-- Table structure for table `project_evaluations`
--

CREATE TABLE `project_evaluations` (
  `evaID` bigint(20) UNSIGNED NOT NULL,
  `userID` bigint(20) UNSIGNED NOT NULL,
  `proID` bigint(20) UNSIGNED NOT NULL,
  `statement` text NOT NULL,
  `implementation` varchar(255) NOT NULL,
  `operID` bigint(20) UNSIGNED NOT NULL,
  `since` varchar(255) DEFAULT NULL,
  `badget_use` int(11) NOT NULL,
  `benefit` varchar(255) NOT NULL,
  `problem` varchar(255) DEFAULT NULL,
  `corrective_actions` varchar(255) NOT NULL,
  `created_at` timestamp NULL DEFAULT NULL,
  `updated_at` timestamp NULL DEFAULT NULL
) ENGINE=InnoDB DEFAULT CHARSET=utf8mb4 COLLATE=utf8mb4_unicode_ci;

--
-- Dumping data for table `project_evaluations`
--

INSERT INTO `project_evaluations` (`evaID`, `userID`, `proID`, `statement`, `implementation`, `operID`, `since`, `badget_use`, `benefit`, `problem`, `corrective_actions`, `created_at`, `updated_at`) VALUES
(59, 10, 507, 'การประเมินโครงการในรอบ 12 เดือนนี้จัดทำเพื่อศึกษา ติดตามและวิเคราห์ถึงผลลัพธ์ของแผนงาน/โครงการตามที่มหาวิทยาลัยได้จัดสรรงยประมาณให้ ว่าสามารถดำเนินการตามที่กำหนดไว้ได้หรือไม่รวมทั้งเป็นการศึกษาปัญหาอุปสรรคของการดำเนินงานแผนงาน/โครงการ การหาแนวทางการแก้ไขปัญหา การเตรียมความพร้อมสำหรับการดำเนินงานแผนงาน/โครงการครั้งต่อไป และเป็นข้อมูลประกอบการตัดสินใจสำหรับผู้บริหารในการจัดสรรงบประมาณโครงการในปีงบประมาณต่อไปด้วย ในการนี้ สำนักคอมพิวเตอร์ฯ จึงใคร่ขอความกรุณารายงานแบบประเมินผลดำเนินงาน/โครงการ ดังนี้', 'วิธีดำเนิน', 2, 'ไม่เป็นไปตามระยะเวลาที่กำหนด', 10200, 'ประโยชน์', 'ปัญหา', 'แนวทาง', '2025-04-28 09:41:11', '2025-04-28 09:41:11'),
(60, 10, 509, 'การประเมินโครงการในรอบ 12 เดือนนี้จัดทำเพื่อศึกษา ติดตามและวิเคราห์ถึงผลลัพธ์ของแผนงาน/โครงการตามที่มหาวิทยาลัยได้จัดสรรงยประมาณให้ ว่าสามารถดำเนินการตามที่กำหนดไว้ได้หรือไม่รวมทั้งเป็นการศึกษาปัญหาอุปสรรคของการดำเนินงานแผนงาน/โครงการ การหาแนวทางการแก้ไขปัญหา การเตรียมความพร้อมสำหรับการดำเนินงานแผนงาน/โครงการครั้งต่อไป และเป็นข้อมูลประกอบการตัดสินใจสำหรับผู้บริหารในการจัดสรรงบประมาณโครงการในปีงบประมาณต่อไปด้วย ในการนี้ สำนักคอมพิวเตอร์ฯ จึงใคร่ขอความกรุณารายงานแบบประเมินผลดำเนินงาน/โครงการ ดังนี้', 'วิธี', 1, NULL, 10200, 'ประโยชน์', 'ปัญหา', 'แนวทาาง', '2025-04-28 20:02:59', '2025-04-28 20:02:59'),
(61, 10, 510, 'การประเมินโครงการในรอบ 12 เดือนนี้จัดทำเพื่อศึกษา ติดตามและวิเคราห์ถึงผลลัพธ์ของแผนงาน/โครงการตามที่มหาวิทยาลัยได้จัดสรรงยประมาณให้ ว่าสามารถดำเนินการตามที่กำหนดไว้ได้หรือไม่รวมทั้งเป็นการศึกษาปัญหาอุปสรรคของการดำเนินงานแผนงาน/โครงการ การหาแนวทางการแก้ไขปัญหา การเตรียมความพร้อมสำหรับการดำเนินงานแผนงาน/โครงการครั้งต่อไป และเป็นข้อมูลประกอบการตัดสินใจสำหรับผู้บริหารในการจัดสรรงบประมาณโครงการในปีงบประมาณต่อไปด้วย ในการนี้ สำนักคอมพิวเตอร์ฯ จึงใคร่ขอความกรุณารายงานแบบประเมินผลดำเนินงาน/โครงการ ดังนี้', 'วิธีการดำเนิน', 3, 'ขอเลื่อน', 10200, 'ประโยชน์', 'ปัญหา', 'แนวทาง', '2025-04-28 20:07:42', '2025-04-28 20:07:42'),
(63, 10, 511, 'การประเมินโครงการในรอบ 12 เดือนนี้จัดทำเพื่อศึกษา ติดตามและวิเคราห์ถึงผลลัพธ์ของแผนงาน/โครงการตามที่มหาวิทยาลัยได้จัดสรรงยประมาณให้ ว่าสามารถดำเนินการตามที่กำหนดไว้ได้หรือไม่รวมทั้งเป็นการศึกษาปัญหาอุปสรรคของการดำเนินงานแผนงาน/โครงการ การหาแนวทางการแก้ไขปัญหา การเตรียมความพร้อมสำหรับการดำเนินงานแผนงาน/โครงการครั้งต่อไป และเป็นข้อมูลประกอบการตัดสินใจสำหรับผู้บริหารในการจัดสรรงบประมาณโครงการในปีงบประมาณต่อไปด้วย ในการนี้ สำนักคอมพิวเตอร์ฯ จึงใคร่ขอความกรุณารายงานแบบประเมินผลดำเนินงาน/โครงการ ดังนี้', 'วิธีการดำเนินการ', 1, NULL, 3000, 'ประโยชน์', 'ปัญหา', 'แนวทาง', '2025-04-28 21:19:37', '2025-04-28 21:19:37'),
(64, 16, 521, 'การประเมินโครงการในรอบ 12 เดือนนี้จัดทำเพื่อศึกษา ติดตามและวิเคราห์ถึงผลลัพธ์ของแผนงาน/โครงการตามที่มหาวิทยาลัยได้จัดสรรงยประมาณให้ ว่าสามารถดำเนินการตามที่กำหนดไว้ได้หรือไม่รวมทั้งเป็นการศึกษาปัญหาอุปสรรคของการดำเนินงานแผนงาน/โครงการ การหาแนวทางการแก้ไขปัญหา การเตรียมความพร้อมสำหรับการดำเนินงานแผนงาน/โครงการครั้งต่อไป และเป็นข้อมูลประกอบการตัดสินใจสำหรับผู้บริหารในการจัดสรรงบประมาณโครงการในปีงบประมาณต่อไปด้วย ในการนี้ สำนักคอมพิวเตอร์ฯ จึงใคร่ขอความกรุณารายงานแบบประเมินผลดำเนินงาน/โครงการ ดังนี้', 'วิ', 2, 'ไม่เป็นไปตามระยะเวลาที่กำหนด', 3000, 'ประโยชน์', 'ปัญหา', 'แนวทาง', '2025-04-29 01:22:53', '2025-04-29 01:22:53'),
(65, 16, 522, 'การประเมินโครงการในรอบ 12 เดือนนี้จัดทำเพื่อศึกษา ติดตามและวิเคราห์ถึงผลลัพธ์ของแผนงาน/โครงการตามที่มหาวิทยาลัยได้จัดสรรงยประมาณให้ ว่าสามารถดำเนินการตามที่กำหนดไว้ได้หรือไม่รวมทั้งเป็นการศึกษาปัญหาอุปสรรคของการดำเนินงานแผนงาน/โครงการ การหาแนวทางการแก้ไขปัญหา การเตรียมความพร้อมสำหรับการดำเนินงานแผนงาน/โครงการครั้งต่อไป และเป็นข้อมูลประกอบการตัดสินใจสำหรับผู้บริหารในการจัดสรรงบประมาณโครงการในปีงบประมาณต่อไปด้วย ในการนี้ สำนักคอมพิวเตอร์ฯ จึงใคร่ขอความกรุณารายงานแบบประเมินผลดำเนินงาน/โครงการ ดังนี้', ';b', 1, NULL, 3000, 'xi', 'g', 'dfbg', '2025-04-29 01:31:53', '2025-04-29 01:31:53'),
(66, 16, 517, 'การประเมินโครงการในรอบ 12 เดือนนี้จัดทำเพื่อศึกษา ติดตามและวิเคราห์ถึงผลลัพธ์ของแผนงาน/โครงการตามที่มหาวิทยาลัยได้จัดสรรงยประมาณให้ ว่าสามารถดำเนินการตามที่กำหนดไว้ได้หรือไม่รวมทั้งเป็นการศึกษาปัญหาอุปสรรคของการดำเนินงานแผนงาน/โครงการ การหาแนวทางการแก้ไขปัญหา การเตรียมความพร้อมสำหรับการดำเนินงานแผนงาน/โครงการครั้งต่อไป และเป็นข้อมูลประกอบการตัดสินใจสำหรับผู้บริหารในการจัดสรรงบประมาณโครงการในปีงบประมาณต่อไปด้วย ในการนี้ สำนักคอมพิวเตอร์ฯ จึงใคร่ขอความกรุณารายงานแบบประเมินผลดำเนินงาน/โครงการ ดังนี้', 'วิธี', 1, NULL, 3000, 'ประ', 'กหอ', 'หกอ', '2025-04-29 01:34:27', '2025-04-29 01:34:27');

-- --------------------------------------------------------

--
-- Table structure for table `project_integrats`
--

CREATE TABLE `project_integrats` (
  `proInID` bigint(20) UNSIGNED NOT NULL,
  `name` varchar(255) NOT NULL,
  `created_at` timestamp NULL DEFAULT NULL,
  `updated_at` timestamp NULL DEFAULT NULL
) ENGINE=InnoDB DEFAULT CHARSET=utf8mb4 COLLATE=utf8mb4_unicode_ci;

--
-- Dumping data for table `project_integrats`
--

INSERT INTO `project_integrats` (`proInID`, `name`, `created_at`, `updated_at`) VALUES
(2, 'บูรณาการกับการเรียนการสอน', '2024-09-02 02:09:13', '2024-09-02 02:09:13'),
(3, 'บูรณาการกับงานวิจัย', '2024-09-02 20:05:52', '2024-09-02 20:05:52'),
(4, 'บูรณาการกับงานบริการวิชาการ', '2024-09-02 20:08:07', '2024-09-02 20:08:07'),
(5, 'บูรณาการกับงานทำนุบำรุงศิลปวัฒนธรรม', '2024-09-02 20:09:19', '2024-09-02 20:09:19'),
(6, 'อื่น ๆ (การบูรณาการโครงการระหว่างหน่วยงาน/โครงการ : ระบุชื่อหน่วยงาน/โครงการ ที่มีการบูรณาการ)', '2024-09-02 20:10:23', '2024-09-02 20:10:23'),
(7, 'ไม่มี', '2024-09-02 21:07:47', '2024-09-02 21:07:47');

-- --------------------------------------------------------

--
-- Table structure for table `project_types`
--

CREATE TABLE `project_types` (
  `proTypeID` bigint(20) UNSIGNED NOT NULL,
  `name` varchar(255) NOT NULL,
  `created_at` timestamp NULL DEFAULT NULL,
  `updated_at` timestamp NULL DEFAULT NULL
) ENGINE=InnoDB DEFAULT CHARSET=utf8mb4 COLLATE=utf8mb4_unicode_ci;

--
-- Dumping data for table `project_types`
--

INSERT INTO `project_types` (`proTypeID`, `name`, `created_at`, `updated_at`) VALUES
(3, 'โครงการในแผน', '2024-09-02 01:43:27', '2024-09-02 01:43:27'),
(4, 'โครงการนอกแผน', '2024-09-02 01:54:40', '2024-09-02 01:54:40');

-- --------------------------------------------------------

--
-- Table structure for table `quarters`
--

CREATE TABLE `quarters` (
  `quarID` bigint(20) UNSIGNED NOT NULL,
  `name` varchar(255) NOT NULL,
  `created_at` timestamp NULL DEFAULT NULL,
  `updated_at` timestamp NULL DEFAULT NULL
) ENGINE=InnoDB DEFAULT CHARSET=utf8mb4 COLLATE=utf8mb4_unicode_ci;

--
-- Dumping data for table `quarters`
--

INSERT INTO `quarters` (`quarID`, `name`, `created_at`, `updated_at`) VALUES
(1, 'ไตรมาส1', NULL, NULL),
(2, 'ไตรมาส2', NULL, NULL),
(3, 'ไตรมาส3', NULL, NULL),
(4, 'ไตรมาส4', NULL, NULL);

-- --------------------------------------------------------

--
-- Table structure for table `report_quarters`
--

CREATE TABLE `report_quarters` (
  `reportID` bigint(20) UNSIGNED NOT NULL,
  `userID` bigint(20) UNSIGNED NOT NULL,
  `quarID` bigint(20) UNSIGNED NOT NULL,
  `proID` bigint(20) UNSIGNED NOT NULL,
  `costResult` float NOT NULL,
  `problem` varchar(255) NOT NULL,
  `created_at` timestamp NULL DEFAULT NULL,
  `updated_at` timestamp NULL DEFAULT NULL
) ENGINE=InnoDB DEFAULT CHARSET=utf8mb4 COLLATE=utf8mb4_unicode_ci;

--
-- Dumping data for table `report_quarters`
--

INSERT INTO `report_quarters` (`reportID`, `userID`, `quarID`, `proID`, `costResult`, `problem`, `created_at`, `updated_at`) VALUES
(115, 10, 3, 507, 10200, 'ปัญหา', '2025-04-28 09:33:35', '2025-04-28 09:33:35'),
(116, 10, 3, 509, 10200, 'ปัญหา', '2025-04-28 09:39:48', '2025-04-28 09:39:48'),
(117, 10, 1, 511, 3000, 'ปัญหา', '2025-04-28 18:56:35', '2025-04-28 18:56:35'),
(118, 10, 3, 510, 10200, 'ปัญหา', '2025-04-28 20:04:36', '2025-04-28 20:04:36'),
(119, 16, 3, 521, 3000, 'xy', '2025-04-29 01:19:55', '2025-04-29 01:19:55'),
(120, 16, 3, 522, 3000, 'ปั', '2025-04-29 01:23:19', '2025-04-29 01:23:19'),
(121, 16, 1, 517, 3000, 'ปัญหา', '2025-04-29 01:34:06', '2025-04-29 01:34:06');

-- --------------------------------------------------------

--
-- Table structure for table `sessions`
--

CREATE TABLE `sessions` (
  `id` varchar(255) NOT NULL,
  `user_id` bigint(20) UNSIGNED DEFAULT NULL,
  `ip_address` varchar(45) DEFAULT NULL,
  `user_agent` text DEFAULT NULL,
  `payload` longtext NOT NULL,
  `last_activity` int(11) NOT NULL
) ENGINE=InnoDB DEFAULT CHARSET=utf8mb4 COLLATE=utf8mb4_unicode_ci;

--
-- Dumping data for table `sessions`
--

INSERT INTO `sessions` (`id`, `user_id`, `ip_address`, `user_agent`, `payload`, `last_activity`) VALUES
('8tG1cSnIZ2vmMsE6VG0bBJBN0Kg5wKWTfGbNCbq9', 10, '127.0.0.1', 'Mozilla/5.0 (Windows NT 10.0; Win64; x64) AppleWebKit/537.36 (KHTML, like Gecko) Chrome/130.0.0.0 Safari/537.36 Edg/130.0.0.0', 'YTo0OntzOjY6Il90b2tlbiI7czo0MDoiRFBJbjJlWFVkUTQ5M3JLbDBWS29TVGVHb3JTNnhYVVFjSk0xZUNWZyI7czo2OiJfZmxhc2giO2E6Mjp7czozOiJvbGQiO2E6MDp7fXM6MzoibmV3IjthOjA6e319czo5OiJfcHJldmlvdXMiO2E6MTp7czozOiJ1cmwiO3M6MzU6Imh0dHA6Ly8xMjcuMC4wLjE6ODAwMC9wcm9qZWN0Y3JlYXRlIjt9czo1MDoibG9naW5fd2ViXzU5YmEzNmFkZGMyYjJmOTQwMTU4MGYwMTRjN2Y1OGVhNGUzMDk4OWQiO2k6MTA7fQ==', 1731938081);

-- --------------------------------------------------------

--
-- Table structure for table `statuses`
--

CREATE TABLE `statuses` (
  `statusID` bigint(20) UNSIGNED NOT NULL,
  `name` varchar(255) NOT NULL,
  `created_at` timestamp NULL DEFAULT NULL,
  `updated_at` timestamp NULL DEFAULT NULL
) ENGINE=InnoDB DEFAULT CHARSET=utf8mb4 COLLATE=utf8mb4_unicode_ci;

--
-- Dumping data for table `statuses`
--

INSERT INTO `statuses` (`statusID`, `name`, `created_at`, `updated_at`) VALUES
(1, 'รอผู้กำกับดูแลโครงการพิจารณา', '2024-08-31 02:28:24', '2024-08-31 02:28:24'),
(2, 'รอเจ้าหน้าที่แผนตรวจสอบเสนอโครงการ', '2024-09-02 10:59:59', '2024-09-02 10:59:59'),
(3, 'รออนุมัติจากผู้บริหาร', '2024-09-02 11:00:09', '2024-09-02 11:00:09'),
(4, 'อนุมัติ', '2024-09-02 11:00:16', '2024-09-02 11:00:16'),
(5, 'รอผู้กำกับดูแลโครงการตรวจสอบปิดโครงการ', NULL, NULL),
(6, 'รอเจ้าหน้าที่แผนตรวจสอบปิดโครงการ', '2024-09-02 11:00:25', '2024-09-02 11:00:25'),
(7, 'รอผู้บริหารอนุมัติปิดโครงการ', '2024-09-02 11:00:35', '2024-09-02 11:00:35'),
(8, 'ปิดโครงการ/เสร็จตามระยะเวลา', '2024-09-02 11:00:41', '2024-09-02 11:00:41'),
(9, 'ปิดโครงการ/ไม่เป็นไปตามระยะเวลา', '2024-09-02 11:00:49', '2024-09-02 11:00:49'),
(10, 'ปิดโครงการ/ขอเลื่อน', '2024-09-02 11:00:58', '2024-09-02 11:00:58'),
(11, 'ปิดโครงการ/ขอยกเลิก', '2024-09-02 11:01:04', '2024-09-02 11:01:04'),
(12, 'แก้ไขโครงการ', '2024-09-02 11:01:11', '2024-09-02 11:01:11'),
(13, 'แก้ไขเอกสารประเมินโครงการ', '2024-09-02 11:01:19', '2024-09-02 11:01:19'),
(14, 'กำลังเขียนโครงการ', '2024-09-02 11:01:26', '2024-09-02 11:01:26'),
(15, 'ไม่อนุมัติ', '2024-09-02 11:01:34', '2024-09-02 11:01:34'),
(16, 'ยกเลิกโครงการ', '2024-09-02 11:01:40', '2024-09-02 11:01:40');

-- --------------------------------------------------------

--
-- Table structure for table `steps`
--

CREATE TABLE `steps` (
  `stepID` bigint(20) UNSIGNED NOT NULL,
  `name` varchar(255) DEFAULT NULL,
  `start` date DEFAULT NULL,
  `end` date DEFAULT NULL,
  `proID` bigint(20) UNSIGNED DEFAULT NULL,
  `created_at` timestamp NULL DEFAULT NULL,
  `updated_at` timestamp NULL DEFAULT NULL
) ENGINE=InnoDB DEFAULT CHARSET=utf8mb4 COLLATE=utf8mb4_unicode_ci;

--
-- Dumping data for table `steps`
--

INSERT INTO `steps` (`stepID`, `name`, `start`, `end`, `proID`, `created_at`, `updated_at`) VALUES
(653, 'ขั้นตอน1', '2025-04-29', '2025-05-11', 507, '2025-04-28 07:22:31', '2025-04-28 07:22:31'),
(656, 'ขั้นตอน1', '2025-04-29', '2025-05-10', 508, '2025-04-28 08:17:01', '2025-04-28 08:17:01'),
(657, 'ขั้นตอน1', '2025-04-29', '2025-05-11', 509, '2025-04-28 08:17:26', '2025-04-28 08:17:26'),
(659, 'ขั้นตอน1', '2025-04-29', '2025-05-04', 510, '2025-04-28 08:30:16', '2025-04-28 08:30:16'),
(661, 'ขั้นตอน1', '2025-04-29', '2025-05-11', 511, '2025-04-28 18:07:59', '2025-04-28 18:07:59'),
(663, 'ขั้นตอน1', '2025-04-29', '2025-05-11', 512, '2025-04-28 18:38:45', '2025-04-28 18:38:45'),
(665, 'ขั้นตอน1', '2025-04-29', '2025-05-09', 513, '2025-04-28 21:18:48', '2025-04-28 21:18:48'),
(668, 'ขั้นตอน1', '2025-04-29', '2025-05-11', 514, '2025-04-28 21:26:35', '2025-04-28 21:26:35'),
(669, 'ขั้นตอน1', '2025-04-29', '2025-05-11', 515, '2025-04-28 21:27:09', '2025-04-28 21:27:09'),
(670, 'ขั้นตอน1', '2025-04-29', '2025-05-02', 516, '2025-04-28 22:37:55', '2025-04-28 22:37:55'),
(676, 'ขั้นตอน1', '2025-04-29', '2025-05-11', 517, '2025-04-28 23:06:36', '2025-04-28 23:06:36'),
(677, 'ขั้นตอน1', '2025-04-29', '2025-05-11', 518, '2025-04-28 23:07:00', '2025-04-28 23:07:00'),
(678, 'ขั้นตอน1', '2025-04-30', '2025-05-11', 519, '2025-04-28 23:08:04', '2025-04-28 23:08:04'),
(679, 'ขั้นตอน1', '2025-04-30', '2025-05-11', 520, '2025-04-28 23:08:30', '2025-04-28 23:08:30'),
(684, 'ขั้นตอน1', '2025-04-29', '2025-05-11', 524, '2025-04-28 23:14:45', '2025-04-28 23:14:45'),
(686, 'ขั้นตอน1', '2025-04-30', '2025-05-04', 521, '2025-04-28 23:16:15', '2025-04-28 23:16:15'),
(687, 'ขั้นตอน1', '2025-04-30', '2025-05-10', 522, '2025-04-28 23:17:22', '2025-04-28 23:17:22'),
(688, 'ขั้นตอน1', '2025-04-29', '2025-05-04', 523, '2025-04-28 23:17:56', '2025-04-28 23:17:56'),
(689, 'ขั้นตอน1', '2025-04-30', '2025-05-11', 525, '2025-04-28 23:18:27', '2025-04-28 23:18:27'),
(691, 'ขั้นตอน1', '2025-04-23', '2025-05-10', 526, '2025-04-29 01:08:39', '2025-04-29 01:08:39'),
(693, 'ขั้นตอน1', '2025-04-30', '2025-05-11', 527, '2025-04-29 01:15:07', '2025-04-29 01:15:07');

-- --------------------------------------------------------

--
-- Table structure for table `strategic1_levels`
--

CREATE TABLE `strategic1_levels` (
  `stra1LVID` bigint(20) UNSIGNED NOT NULL,
  `name` varchar(255) NOT NULL,
  `yearID` bigint(20) UNSIGNED NOT NULL,
  `created_at` timestamp NULL DEFAULT NULL,
  `updated_at` timestamp NULL DEFAULT NULL
) ENGINE=InnoDB DEFAULT CHARSET=utf8mb4 COLLATE=utf8mb4_unicode_ci;

--
-- Dumping data for table `strategic1_levels`
--

INSERT INTO `strategic1_levels` (`stra1LVID`, `name`, `yearID`, `created_at`, `updated_at`) VALUES
(1, 'แผน1level', 9, '2025-01-11 04:40:45', '2025-01-11 04:40:45'),
(3, 'แผนxx', 16, '2025-04-04 19:14:51', '2025-04-04 19:14:51');

-- --------------------------------------------------------

--
-- Table structure for table `strategic1_level_map_projects`
--

CREATE TABLE `strategic1_level_map_projects` (
  `stra1LVMapProID` bigint(20) UNSIGNED NOT NULL,
  `stra1LVID` bigint(20) UNSIGNED NOT NULL,
  `tar1LVID` bigint(20) UNSIGNED NOT NULL,
  `proID` bigint(20) UNSIGNED NOT NULL,
  `created_at` timestamp NULL DEFAULT NULL,
  `updated_at` timestamp NULL DEFAULT NULL
) ENGINE=InnoDB DEFAULT CHARSET=utf8mb4 COLLATE=utf8mb4_unicode_ci;

--
-- Dumping data for table `strategic1_level_map_projects`
--

INSERT INTO `strategic1_level_map_projects` (`stra1LVMapProID`, `stra1LVID`, `tar1LVID`, `proID`, `created_at`, `updated_at`) VALUES
(21, 3, 4, 511, '2025-04-28 18:05:47', '2025-04-28 18:07:59');

-- --------------------------------------------------------

--
-- Table structure for table `strategic2_levels`
--

CREATE TABLE `strategic2_levels` (
  `stra2LVID` bigint(20) UNSIGNED NOT NULL,
  `name` varchar(255) NOT NULL,
  `yearID` bigint(20) UNSIGNED NOT NULL,
  `created_at` timestamp NULL DEFAULT NULL,
  `updated_at` timestamp NULL DEFAULT NULL
) ENGINE=InnoDB DEFAULT CHARSET=utf8mb4 COLLATE=utf8mb4_unicode_ci;

--
-- Dumping data for table `strategic2_levels`
--

INSERT INTO `strategic2_levels` (`stra2LVID`, `name`, `yearID`, `created_at`, `updated_at`) VALUES
(2, 'แผนปฏิบัติการดิจิทัลมหาวิทยาลัยเทคโนโลยีพระจอมเกล้าพระนครเหนือ', 9, '2025-01-10 04:05:17', '2025-01-10 04:05:17');

-- --------------------------------------------------------

--
-- Table structure for table `strategic2_level_map_projects`
--

CREATE TABLE `strategic2_level_map_projects` (
  `stra2LVMapProID` bigint(20) UNSIGNED NOT NULL,
  `stra2LVID` bigint(20) UNSIGNED NOT NULL,
  `SFA2LVID` bigint(20) UNSIGNED NOT NULL,
  `tac2LVID` bigint(20) UNSIGNED NOT NULL,
  `proID` bigint(20) UNSIGNED NOT NULL,
  `created_at` timestamp NULL DEFAULT NULL,
  `updated_at` timestamp NULL DEFAULT NULL
) ENGINE=InnoDB DEFAULT CHARSET=utf8mb4 COLLATE=utf8mb4_unicode_ci;

-- --------------------------------------------------------

--
-- Table structure for table `strategic3_levels`
--

CREATE TABLE `strategic3_levels` (
  `stra3LVID` bigint(20) UNSIGNED NOT NULL,
  `name` varchar(255) NOT NULL,
  `yearID` bigint(20) UNSIGNED NOT NULL,
  `created_at` timestamp NULL DEFAULT NULL,
  `updated_at` timestamp NULL DEFAULT NULL
) ENGINE=InnoDB DEFAULT CHARSET=utf8mb4 COLLATE=utf8mb4_unicode_ci;

--
-- Dumping data for table `strategic3_levels`
--

INSERT INTO `strategic3_levels` (`stra3LVID`, `name`, `yearID`, `created_at`, `updated_at`) VALUES
(1, 'แผนพัฒนาการศึกษาระดับอุดมศึกษา ฉบับที่13 (พ.ศ.2566-2570)', 9, '2024-09-16 06:34:43', '2024-09-16 06:34:43');

-- --------------------------------------------------------

--
-- Table structure for table `strategic_issues`
--

CREATE TABLE `strategic_issues` (
  `SFA3LVID` bigint(20) UNSIGNED NOT NULL,
  `name` varchar(255) NOT NULL,
  `stra3LVID` bigint(20) UNSIGNED NOT NULL,
  `created_at` timestamp NULL DEFAULT NULL,
  `updated_at` timestamp NULL DEFAULT NULL
) ENGINE=InnoDB DEFAULT CHARSET=utf8mb4 COLLATE=utf8mb4_unicode_ci;

--
-- Dumping data for table `strategic_issues`
--

INSERT INTO `strategic_issues` (`SFA3LVID`, `name`, `stra3LVID`, `created_at`, `updated_at`) VALUES
(1, 'ยุทธศาสตร์ที่ 1 ความเป็นเลิศด้านการจัดการศึกษา', 1, '2024-09-16 07:13:24', '2024-09-16 07:13:24'),
(23, 'ยุทธศาสตร์ที่ 2 ความเป็นเลิศด้านการวิจัย สร้างสรรค์ประดิษฐกรรมและนวัตกรรม', 1, '2024-11-19 10:03:13', '2024-11-19 10:03:13'),
(24, 'ยุทธศาสตร์ที่ 3 ความเป็นเลิศด้านบริการวิชาการ', 1, '2024-11-19 10:03:25', '2024-11-19 10:03:25'),
(25, 'ยุทธศาสตร์ที่ 4 ความเป็นเลิศด้านการจัดการ', 1, '2024-11-19 10:03:31', '2024-11-19 10:03:31');

-- --------------------------------------------------------

--
-- Table structure for table `strategic_issues2_levels`
--

CREATE TABLE `strategic_issues2_levels` (
  `SFA2LVID` bigint(20) UNSIGNED NOT NULL,
  `name` varchar(255) NOT NULL,
  `stra2LVID` bigint(20) UNSIGNED NOT NULL,
  `created_at` timestamp NULL DEFAULT NULL,
  `updated_at` timestamp NULL DEFAULT NULL
) ENGINE=InnoDB DEFAULT CHARSET=utf8mb4 COLLATE=utf8mb4_unicode_ci;

--
-- Dumping data for table `strategic_issues2_levels`
--

INSERT INTO `strategic_issues2_levels` (`SFA2LVID`, `name`, `stra2LVID`, `created_at`, `updated_at`) VALUES
(1, 'ยุทธศาสตร์ที่ 1 พัฒนาระบบโครงสร้างพื้นฐานและความมั่นคงปลอดภัยดิจิทัลให้มีประสิทธิภาพ', 2, '2025-01-10 05:10:45', '2025-01-10 05:10:45'),
(3, 'ยุทธศาสตร์ที่ 2 ผลักดันให้เกิดการใช้เทคโนโลยีดิจิทัลและบูรณาการข้อมูลจากระบบสารสนเทศ เพื่อสนับสนุนการเรียนการสอน การวิจัย และการบริหารจัดการมหาวิทยาลัย', 2, '2025-01-10 07:33:52', '2025-01-10 07:33:52'),
(4, 'ยุทธศาสตร์ที่ 3 สร้างสรรค์นวัตกรรมบริการเพื่อนักศึกษาและบุคลากร', 2, '2025-01-10 07:34:12', '2025-01-10 07:34:12'),
(5, 'ยุทธศาสตร์ที่ 4 ปลูกฝังวัฒนธรรมการใช้เทคโนโลยีดิจิทัลอย่างชาญฉลาดให้กับนักศึกษาและบุคลากรทุกระดับ', 2, '2025-01-10 07:34:46', '2025-01-10 07:34:46');

-- --------------------------------------------------------

--
-- Table structure for table `strategic_maps`
--

CREATE TABLE `strategic_maps` (
  `straMapID` bigint(20) UNSIGNED NOT NULL,
  `proID` bigint(20) UNSIGNED DEFAULT NULL,
  `stra3LVID` bigint(20) UNSIGNED DEFAULT NULL,
  `SFA3LVID` bigint(20) UNSIGNED DEFAULT NULL,
  `goal3LVID` bigint(20) UNSIGNED DEFAULT NULL,
  `tac3LVID` bigint(20) UNSIGNED DEFAULT NULL,
  `created_at` timestamp NULL DEFAULT NULL,
  `updated_at` timestamp NULL DEFAULT NULL
) ENGINE=InnoDB DEFAULT CHARSET=utf8mb4 COLLATE=utf8mb4_unicode_ci;

--
-- Dumping data for table `strategic_maps`
--

INSERT INTO `strategic_maps` (`straMapID`, `proID`, `stra3LVID`, `SFA3LVID`, `goal3LVID`, `tac3LVID`, `created_at`, `updated_at`) VALUES
(438, 507, 1, 1, 17, 59, '2025-04-28 07:21:16', '2025-04-28 07:22:31'),
(439, 508, 1, 1, 2, 44, '2025-04-28 08:00:50', '2025-04-28 08:17:01'),
(440, 509, 1, 25, 38, 105, '2025-04-28 08:01:38', '2025-04-28 08:17:26'),
(441, 510, 1, 1, 17, 63, '2025-04-28 08:29:43', '2025-04-28 08:30:16'),
(452, 521, 1, 1, 17, 62, '2025-04-28 23:05:39', '2025-04-28 23:16:15'),
(453, 522, 1, 1, 2, 45, '2025-04-28 23:09:59', '2025-04-28 23:17:22'),
(454, 523, 1, 1, 17, 62, '2025-04-28 23:11:46', '2025-04-28 23:17:56'),
(455, 524, 1, 23, 19, 75, '2025-04-28 23:13:19', '2025-04-28 23:14:45'),
(456, 525, 1, 1, 17, 62, '2025-04-28 23:16:02', '2025-04-28 23:18:27'),
(457, 526, 1, 1, 17, 58, '2025-04-29 01:03:19', '2025-04-29 01:08:39'),
(458, 527, 1, 1, 17, 63, '2025-04-29 01:15:00', '2025-04-29 01:15:07');

-- --------------------------------------------------------

--
-- Table structure for table `tactic2_levels`
--

CREATE TABLE `tactic2_levels` (
  `tac2LVID` bigint(20) UNSIGNED NOT NULL,
  `name` varchar(255) NOT NULL,
  `SFA2LVID` bigint(20) UNSIGNED NOT NULL,
  `created_at` timestamp NULL DEFAULT NULL,
  `updated_at` timestamp NULL DEFAULT NULL
) ENGINE=InnoDB DEFAULT CHARSET=utf8mb4 COLLATE=utf8mb4_unicode_ci;

--
-- Dumping data for table `tactic2_levels`
--

INSERT INTO `tactic2_levels` (`tac2LVID`, `name`, `SFA2LVID`, `created_at`, `updated_at`) VALUES
(7, 'กลยุทธ์ 1.1 ปรับปรุงและพัฒนาระบบโครงสร้างพื้นฐานและความมั่นคงปลอดภัยดิจิทัลอย่าง ต่อเนื่อง', 1, '2025-01-14 08:26:05', '2025-01-14 08:26:05');

-- --------------------------------------------------------

--
-- Table structure for table `tactic2_level_map_k_p_i_main2_levels`
--

CREATE TABLE `tactic2_level_map_k_p_i_main2_levels` (
  `Map2LVID` bigint(20) UNSIGNED NOT NULL,
  `tac2LVID` bigint(20) UNSIGNED NOT NULL,
  `KPIMain2LVID` bigint(20) UNSIGNED DEFAULT NULL,
  `created_at` timestamp NULL DEFAULT NULL,
  `updated_at` timestamp NULL DEFAULT NULL
) ENGINE=InnoDB DEFAULT CHARSET=utf8mb4 COLLATE=utf8mb4_unicode_ci;

-- --------------------------------------------------------

--
-- Table structure for table `tactics`
--

CREATE TABLE `tactics` (
  `tac3LVID` bigint(20) UNSIGNED NOT NULL,
  `name` varchar(255) NOT NULL,
  `goal3LVID` bigint(20) UNSIGNED NOT NULL,
  `created_at` timestamp NULL DEFAULT NULL,
  `updated_at` timestamp NULL DEFAULT NULL
) ENGINE=InnoDB DEFAULT CHARSET=utf8mb4 COLLATE=utf8mb4_unicode_ci;

--
-- Dumping data for table `tactics`
--

INSERT INTO `tactics` (`tac3LVID`, `name`, `goal3LVID`, `created_at`, `updated_at`) VALUES
(34, '1.1.1 นำเครื่องมือเทคโนโลยีที่ทันสมัยและมีการบูรณาการเทคนิคการสอนแบบต่างๆ มาใช้ในการจัดการเรียนการสอน เพื่อให้เกิดการพัฒนาและยกระดับคุณภาพการศึกษา', 2, '2024-12-07 03:19:45', '2024-12-07 03:19:45'),
(35, '1.1.2 พัฒนาและปรับปรุงหลักสูตร เพื่อตอบโจทย์ภาครัฐและ เอกชนและเกิดการบูรณาการ การเรียนรู้คู่กับการปฏิบัติ และการทำงานในรูปแบบ ต่างๆ', 2, '2024-12-07 03:22:00', '2024-12-07 03:22:00'),
(36, '1.1.3 เพิ่มจำนวนหลักสูตรที่มีการส่งเสริมการใช้ภาษาอังกฤษ จัดโครงการส่งเสริมความเป็นนานาชาติของนักศึกษาและทักษะด้านอื่นๆ ให้สอดคล้องกับบริบทความเป็นสากล', 2, '2024-12-07 03:22:42', '2024-12-07 03:22:42'),
(37, '1.1.4 พัฒนาหลักสูตรทั้งแบบปริญญา (Degree) และประกาศนียบัตร (Non- Degree) ที่ตอบสนองต่อยุทธศาสตร์ชาติด้านการพัฒนาและเสริมสร้างศักยภาพทรัพยากรมนุษย์', 2, '2024-12-07 03:24:17', '2024-12-07 03:24:17'),
(38, '1.1.5 ส่งเสริมให้มีการจัดการเรียนการสอนที่มีประสิทธิภาพ และมีสิ่งสนับสนุนการเรียนการสอนที่ทันสมัยและเพียงพอ', 2, '2024-12-07 03:25:12', '2024-12-07 03:25:12'),
(39, '1.1.6 ส่งเสริมให้หลักสูตรได้รับการรับรองมาตรฐานจากหน่วยงาน/องค์กรที่มีชื่อเสียงในระดับชาติและระดับนานาชาติ', 2, '2024-12-07 03:25:53', '2024-12-07 03:25:53'),
(40, '1.1.7 ส่งเสริมให้ มจพ.วิทยาเขตปราจีนบุรี และมจพ.วิทยาเขตระยอง มีหลักสูตรที่มุ่งเน้นเพื่อการพัฒนาร่วมกับชุมชน ภาครัฐ และภาคเอกชนในพื้นที', 2, '2024-12-07 03:29:13', '2024-12-07 03:29:13'),
(41, '1.1.8 พัฒนาหลักสูตรที่มีการบูรณาการระหว่างสาขาวิชาต่างๆ โดยมีความร่วมมือระหว่างชุมชน ภาครัฐ ภาคเอกชน ทั้งในประเทศและ/หรือต่างประเทศ', 2, '2024-12-07 03:30:51', '2024-12-07 03:30:51'),
(42, '1.1.9 พัฒนาระบบธนาคารหน่วยกิต (Credit Bank) เพื่อการเทียบโอนทั้งรายวิชาและประสบการณ์', 2, '2024-12-07 03:32:06', '2024-12-07 03:32:06'),
(43, '1.1.10 ส่งเสริมให้ทุกส่วนงานทำกิจกรรมกับหน่วยงานในต่างประเทศ ภายใต้ข้อตกลงความร่วมมือทางวิชาการ', 2, '2024-12-07 03:32:35', '2024-12-07 03:32:35'),
(44, '1.1.11 ส่งเสริมการจัดทำฐานข้อมูลนักศึกษา/บัณฑิต/ศิษย์เก่า และสร้างกลไกในการนำข้อมูลป้อนกลับจากนักศึกษา/บัณฑิต/ศิษย์เก่า มาพัฒนาการจัดการเรียน การสอน รวมถึงเป็นข้อมูลในการจัดทำแผนพัฒนามหาวิทยาลัย', 2, '2024-12-07 03:34:10', '2024-12-07 03:34:10'),
(45, '1.1.12 ส่งเสริมให้ระบบนิเวศในการจัดการศึกษาในหลักสูตรภาษาอังกฤษ และหลักสูตรนานาชาติ มีความเหมาะสมและเอื้ออำนวยต่อการแลกเปลี่ยนนักศึกษาต่างชาติ', 2, '2024-12-07 03:39:55', '2024-12-07 03:39:55'),
(46, '1.1.13 ส่งเสริมให้หลักสูตรมีการบูรณาการศาสตร์ระหว่างสาขา โดยมีการจัดการศึกษาร่วมกันระหว่างสาขา/ภาควิชา ระหว่างคณะ และระหว่างมหาวิทยาลัย', 2, '2024-12-07 03:40:47', '2024-12-07 03:40:47'),
(47, '1.1.14 ส่งเสริมและสร้างแรงจูงใจให้อาจารย์เข้ามามีส่วนร่วมในการผลิตสื่อการเรียนการสอนออนไลน์และสื่ออิเล็กทรอนิกส์', 2, '2024-12-07 03:41:28', '2024-12-07 03:41:28'),
(48, '1.2.1 พัฒนาและปรับปรุงหลักสูตร เพื่อตอบโจทย์ภาครัฐและเอกชน และเกิดการบูรณาการการเรียนรู้คู่กับการปฏิบัติและการทำงาน ในรูปแบบต่าง ๆ', 17, '2024-12-07 03:57:05', '2024-12-07 03:57:05'),
(49, '1.2.2 เพิ่มจำนวนหลักสูตรที่มีการส่งเสริมการใช้ภาษาอังกฤษ จัดโครงการส่งเสริมความเป็นนานาชาติของนักศึกษาและทักษะด้านอื่น ๆ ให้สอดคล้องกับบริบทความเป็นสากล', 17, '2024-12-07 03:59:39', '2024-12-07 03:59:39'),
(50, '1.2.3 ส่งเสริมการแลกเปลี่ยนนักศึกษา และคณาจารย์ กับมหาวิทยาลัยที่มีชื่อเสียงในระดับชาติและระดับนานาชาติ', 17, '2024-12-07 04:04:25', '2024-12-07 04:04:25'),
(51, '1.2.4 พัฒนาอาจารย์และบุคลากร ให้มีศักยภาพด้านการศึกษา และกิจกรรมนักศึกษา โดยให้ มีทักษะในศตวรรษที่ 21 (21st Century Skills) ความเป็นผู้ประกอบการ (Entrepreneurship) ความเป็นสากล (Internationalization) การบริหารการศึกษาและ การพัฒนาคุณภาพการศึกษา', 17, '2024-12-07 04:06:02', '2024-12-07 04:06:02'),
(52, '1.2.5 ส่งเสริมให้ผู้เรียนเป็น ผู้ประกอบการด้านเทคโนโลยี (Technopreneurship) ผู้สร้างสรรค์นวัตกรรม มีทักษะชีวิต (Soft Skills) ทักษะในศตวรรษที่ 21 (21st Century Skills)', 17, '2024-12-07 04:19:31', '2024-12-07 04:19:31'),
(53, '1.2.6 พัฒนาศักยภาพหน่วยงาน ให้ทำหน้าที่ส่งเสริม สนับสนุน ให้คำแนะนำในการจัดการ เรียนการสอนที่มุ่งเน้นผลลัพธ์ การศึกษา (Outcome Based Education) และมี ทักษะที่ต้องการในศตวรรษ ที่ 21', 17, '2024-12-07 04:20:04', '2024-12-07 04:20:04'),
(54, '1.2.7 ส่งเสริมบุคคลในทุกช่วงวัย ให้มีความรู้ ทักษะ และ ประสบการณ์ ให้สอดคล้อง กับความต้องการที่ เปลี่ยนแปลง', 17, '2024-12-07 04:20:18', '2024-12-07 04:20:18'),
(55, '1.2.8 ส่งเสริมการจัดทำฐานข้อมูล นักศึกษา/บัณฑิต/ศิษย์เก่า และสร้างกลไกในการนำ ข้อมูลป้อนกลับจากนักศึกษา/ บัณฑิต/ศิษย์เก่า มาพัฒนา การจัดการเรียนการสอน รวมถึงเป็นข้อมูลในการจัดทำแผนพัฒนา มหาวิทยาลัย', 17, '2024-12-07 04:20:40', '2024-12-07 04:20:40'),
(56, '1.2.9 ส่งเสริมให้ระบบนิเวศในการ จัดการศึกษาในหลักสูตร ภาษาอังกฤษ และหลักสูตร นานาชาติ มีความเหมาะสม และเอื้ออำนวยต่อการ แลกเปลี่ยนนักศึกษาต่างชาติ', 17, '2024-12-07 04:20:50', '2024-12-07 04:20:50'),
(57, '1.2.10 ส่งเสริมให้ศิษย์เก่าเข้ามา มีส่วนร่วมเพื่อเป็นกลไก ในการพัฒนาศักยภาพของ นักศึกษา โดยเฉพาะอย่างยิ่ง ด้านความเป็นผู้ประกอบการ', 17, '2024-12-07 04:21:21', '2024-12-07 04:21:21'),
(58, '1.2.11 ส่งเสริมให้บุคลากรเข้าร่วม การแลกเปลี่ยนความรู้กับ ภาคธุรกิจ/ภาคอุตสาหกรรม', 17, '2024-12-07 04:21:37', '2024-12-07 04:21:37'),
(59, '1.2.12 ส่งเสริมให้นักศึกษามี กิจกรรม การเรียนการสอน ทั้งในห้องเรียนและนอก ห้องเรียนที่มีการนำเอา ทักษะการใช้ภาษาอังกฤษ มาใช้', 17, '2024-12-07 04:22:05', '2024-12-07 04:22:05'),
(60, '1.2.13 ส่งเสริมให้นำเทคโนโลยี สารสนเทศและดิจิทัล มาใช้ ในการจัดการเรียนการสอน รวมถึงการอบรมการใช้ โปรแกรมและนำเอา ซอฟแวร์ลิขสิทธิ์ที่ทันสมัย มาใช้ในการเรียนการสอน', 17, '2024-12-07 04:22:16', '2024-12-07 04:22:16'),
(61, '1.2.14 สนับสนุนทุนการศึกษาและ ทุนวิจัยให้กับนักศึกษาระดับ บัณฑิตศึกษา จากทั้งทุน ภายในและภายนอก มหาวิทยาลัย', 17, '2024-12-07 04:22:29', '2024-12-07 04:22:29'),
(62, '1.2.15 ส่งเสริมเชิงรุกให้นักศึกษา เข้าร่วมการแข่งขันทาง วิชาการ ทั้งในเวทีระดับชาติ และระดับนานาชาติ', 17, '2024-12-07 04:22:38', '2024-12-07 04:22:38'),
(63, '1.2.16 ส่งเสริมการประชาสัมพันธ์ เชิงรุกเกี่ยวกับหลักสูตรและ ทุนการศึกษาในระดับ บัณฑิตศึกษา', 17, '2024-12-07 04:22:49', '2024-12-07 04:22:49'),
(64, '1.2.17 ประสานกับแหล่งทุนกู้ยืม เพื่อการศึกษาที่มีดอกเบี้ยต่ำ ให้กับนักศึกษาระดับ บัณฑิตศึกษา', 17, '2024-12-07 04:23:00', '2024-12-07 04:23:00'),
(70, '1.2.18 ดำเนินการเชิงรุกในการ เพิ่มจำนวนนักศึกษาต่างชาติ ทั้งในระดับปริญญาตรีและ ระดับบัณฑิตศึกษา', 17, '2025-01-14 01:24:55', '2025-01-14 01:24:55'),
(73, '2.1.1 ส่งเสริมการสร้างผลงานวิจัยแบบก้าวกระโดด', 18, '2025-01-14 09:13:03', '2025-01-14 09:13:03'),
(74, '2.2.1 พัฒนาศักยภาพงานวิจัยให้ได้รับการตีพิมพ์ในฐานข้อมูล Scopus', 19, '2025-01-14 09:14:17', '2025-01-14 09:14:17'),
(75, '2.2.2 พัฒนาระบบและกลไกและจัดกิจกรรมเพื่อส่งเสริมการตีพิมพ์ผลงานในฐานข้อมูล Scopus', 19, '2025-01-14 09:15:16', '2025-01-14 09:15:16'),
(76, '2.3.1 พัฒนาและถ่ายทอดเทคโนโลยีและนวัตกรรม เพื่อเพิ่มขีดความสามารถในการแข่งขันให้กับภาคอุตสาหกรรมในประเทศไทย', 20, '2025-01-14 09:16:04', '2025-01-14 09:16:04'),
(77, '2.3.2 พัฒนาระบบนิเวศสำหรับการวิจัยพัฒนาเทคโนโลยีและสร้างนวัตกรรม', 20, '2025-01-14 09:16:33', '2025-01-14 09:16:33'),
(78, '2.3.3 พัฒนาระบบ กลไก และจัดกิจกรรมเพื่อสร้างความเชื่อมโยงระหว่างมหาวิทยาลัยกับภาคอุตสาหกรรม', 20, '2025-01-14 09:17:11', '2025-01-14 09:17:11'),
(79, '2.4.1 พัฒนาบุคลากรเพื่อสนับสนุนความเป็นผู้ประกอบการ', 21, '2025-01-14 09:17:25', '2025-01-14 09:17:25'),
(80, '2.4.2 พัฒนาระบบนิเวศน์ด้านเทคโนโลยีและนวัตกรรม เพื่อส่งเสริมการสร้างผู้ประกอบการและบริษัทที่เกิดจากการบ่มเพาะผู้ประกอบการ', 21, '2025-01-14 09:17:58', '2025-01-14 09:17:58'),
(84, '3.1.1 ส่งเสริมให้มีระบบฐานข้อมูล ความเชี่ยวชาญของบุคลากร และความพร้อมด้านเครื่องมือ อุปกรณ์ สถานที่ สำหรับงานบริการวิชาการ', 28, '2025-04-03 06:17:23', '2025-04-03 06:17:23'),
(85, '3.1.2 พัฒนาระบบการบริหารจัดการงานบริการวิชาการเพื่อเพิ่มประสิทธิภาพในการให้บริการวิชาการที่ยั่งยืนของมหาวิทยาลัย', 28, '2025-04-03 06:18:48', '2025-04-03 06:18:48'),
(86, '3.1.3 ส่งเสริมให้มีหลักสูตรฝึกอบรมที่ตรงตามความต้องการของภาคอุตสาหกรรม(Customized industrial- based training module) สำหรับแต่ละอุตสาหกรรม เป้าหมาย เพื่อเทียบโอนหน่วยกิตไปยังหลักสูตรการเรียนการสอนได้', 28, '2025-04-03 06:23:02', '2025-04-03 06:23:02'),
(87, '3.2.1 ส่งเสริมให้มีระบบนิเวศ(Ecosystem)ในด้านการบริการวิชาการ', 30, '2025-04-03 06:23:40', '2025-04-03 06:23:40'),
(88, '3.2.2 ส่งเสริมการพัฒนาศักยภาพของบุคลากรเพื่อรองรับงานบริการวิชาการอย่างยั่งยืน', 30, '2025-04-03 06:24:06', '2025-04-03 06:24:06'),
(89, '3.2.3 พัฒนาระบบสนับสนุนงานบริการวิชาการที่เอื้อต่อการแข่งขันและเพิ่มประสิทธิภาพการดำเนินงานบริการวิชาการ', 30, '2025-04-03 06:24:37', '2025-04-03 06:24:37'),
(90, '3.3.1 สร้างความร่วมมือกับ หน่วยงานภายในและ ภายนอก', 32, '2025-04-03 06:25:45', '2025-04-03 06:25:45'),
(91, '3.3.2 สร้างแบรนด์ทางการตลาด (Marketing Brand) และภาพลักษณ์องค์กร (Corporate Image) สำหรับใช้เพื่อประชาสัมพันธ์งานบริการวิชาการ', 32, '2025-04-03 06:26:20', '2025-04-03 06:26:20'),
(92, '3.3.3 ส่งเสริมให้มีการบูรณาการ การบริการวิชาการกับการเรียนการสอนเพื่อให้ผู้เรียนมีประสบการณ์ในการเรียนรู้และทราบถึงงานบริการวิชาการของมหาวิทยาลัย', 32, '2025-04-03 06:27:08', '2025-04-03 06:27:08'),
(93, '3.3.4 ส่งเสริมให้มีผู้เชี่ยวชาญภายนอกในสาขาต่างๆ เข้าร่วมดำเนินงานกับส่วนงานบริการวิชาการ เพื่อให้งานบริการวิชาการของส่วนงานเป็นที่รู้จักของหน่วยงานภายนอก', 32, '2025-04-03 06:27:47', '2025-04-03 06:27:47'),
(94, '4.1.1 ส่งเสริมบุคลากรให้มีคุณธรรม จริยธรรม จิตอาสาและจิตสำนึกการรักองค์กร', 34, '2025-04-03 06:28:07', '2025-04-03 06:28:07'),
(95, '4.1.2 ส่งเสริมให้บุคลากรได้รับการพัฒนาตนเองตามมาตรฐานอาชีพและการเรียนรู้ตลอดชีวิต', 34, '2025-04-03 06:28:28', '2025-04-03 06:28:28'),
(96, '4.1.3 ส่งเสริมให้บุคลากรได้รับการพัฒนาและใช้ภาษาต่างประเทศในการสื่อสารอย่างมีประสิทธิภาพ', 34, '2025-04-03 06:28:56', '2025-04-03 06:28:56'),
(97, '4.1.4 พัฒนากลไกการส่งเสริมทักษะดิจิทัลให้กับบุคลากรแบบยั่งยืน', 34, '2025-04-03 06:29:18', '2025-04-03 06:29:18'),
(98, '4.1.5 การจัดทำแผนพัฒนาบุคลากรรายบุคคลพร้อมกำหนดค่าความสำเร็จตามระบบ Objective and Key Results (OKR)', 34, '2025-04-03 06:30:04', '2025-04-03 06:30:04'),
(99, '4.2.1 พัฒนาและปรับปรุงเทคโนโลยีดิจิทัลและนวัตกรรมบริการเพื่อนักศึกษาและบุคลากร', 36, '2025-04-03 06:30:27', '2025-04-03 06:30:27'),
(100, '4.2.2 ปรับปรุงและพัฒนาระบบเครือข่ายสื่อสารเพื่อสนับสนุนพันธกิจของมหาวิทยาลัยอย่างยั่งยืน', 36, '2025-04-03 06:30:57', '2025-04-03 06:30:57'),
(101, '4.2.3 พัฒนาระบบงานบริการ โดยใช้เทคโนโลยีดิจิทัลเพื่อสนับสนุนพันธกิจของมหาวิทยาลัยอย่างยั่งยืน', 36, '2025-04-03 06:31:46', '2025-04-03 06:31:46'),
(102, '4.2.4 ส่งเสริมและผลักดันให้เกิดการใช้เทคโนโลยีดิจิทัลและนวัตกรรมดิจิทัลในการปฏิบัติงานอย่างเป็นระบบ', 36, '2025-04-03 06:32:31', '2025-04-03 06:32:31'),
(103, '4.2.5 ปรับปรุงและพัฒนาระบบสารสนเทศและศูนย์กลางข้อมูล (Big Data Center) ที่รองรับการบริหารจัดการเพื่อประกอบการตัดสินใจ', 36, '2025-04-03 06:32:56', '2025-04-03 06:32:56'),
(104, '4.3.1 ส่งเสริมให้บุคลากรและนักศึกษารักองค์กรมีคุณธรรม จริยธรรม จิตอาสา และมีจิตสำนึกที่ดีในการปฏิบัติงานหรือการศึกษา', 38, '2025-04-03 06:35:24', '2025-04-03 06:35:24'),
(105, '4.3.2 ส่งเสริมและประชาสัมพันธ์ให้บุคลากรมีความรู้ ความเข้าใจนโยบาย ระเบียบ และข้อบังคับของมหาวิทยาลัย', 38, '2025-04-03 06:35:50', '2025-04-03 06:35:50'),
(106, '4.3.3 สร้างกลไกในการบริหารจัดการเพื่อเพิ่มประสิทธิภาพในการปฏิบัติงานอย่างยั่งยืน', 38, '2025-04-03 06:36:39', '2025-04-03 06:36:39'),
(107, '4.3.4 ส่งเสริมการประชาสัมพันธ์ภาพลักษณ์องค์กรและพันธกิจของมหาวิทยาลัยเชิงรุก', 38, '2025-04-03 06:37:04', '2025-04-03 06:37:04'),
(108, '4.3.5 พัฒนาและปรับปรุงระเบียบและข้อบังคับที่เกี่ยวข้องกับพันธกิจของมหาวิทยาลัยให้มีความทันสมัยและทันต่อการเปลี่ยนแปลง', 38, '2025-04-03 06:37:38', '2025-04-03 06:37:38'),
(109, '4.3.6 ส่งเสริมการสร้างเสถียรภาพทางการเงินและบริหารสินทรัพย์ของมหาวิทยาลัยให้มีความมั่นคง มั่งคั่ง และยั่งยืน', 38, '2025-04-03 06:38:03', '2025-04-03 06:38:03'),
(110, '4.3.7 พัฒนาระบบการทำงานตามมาตรฐาน Education Criteria for Performance Excellence (EdPex)', 38, '2025-04-03 06:38:22', '2025-04-03 06:38:22'),
(111, '4.4.1 สร้างต้นแบบการบริหารจัดการสภาพแวดล้อมที่ดีภายในมหาวิทยาลัย', 40, '2025-04-03 06:40:01', '2025-04-03 06:40:01'),
(112, '4.4.2 ส่งเสริมให้มีการนำเป้าหมายการพัฒนาที่ยั่งยืน (SDGs) หรือหลักปรัชญาเศรษฐกิจพอเพียงมาใช้', 40, '2025-04-03 06:40:27', '2025-04-03 06:40:27'),
(113, '4.4.3 ปรับปรุงสภาพทางกายภาพและสภาพแวดล้อมของมหาวิทยาลัยให้มีวัฒนธรรมสีเขียวเป็นมิตรต่อสิ่งแวดล้อม', 40, '2025-04-03 06:40:52', '2025-04-03 06:40:52'),
(114, '4.4.4 สนับสนุนให้หน่วยงานได้รับการรับรองมาตรฐานสำนักงานสีเขียว (Green office) หรืออาคารเขียว (Green Building)', 40, '2025-04-03 06:41:18', '2025-04-03 06:41:18');

-- --------------------------------------------------------

--
-- Table structure for table `target1_levels`
--

CREATE TABLE `target1_levels` (
  `tar1LVID` bigint(20) UNSIGNED NOT NULL,
  `name` varchar(255) NOT NULL,
  `stra1LVID` bigint(20) UNSIGNED NOT NULL,
  `created_at` timestamp NULL DEFAULT NULL,
  `updated_at` timestamp NULL DEFAULT NULL
) ENGINE=InnoDB DEFAULT CHARSET=utf8mb4 COLLATE=utf8mb4_unicode_ci;

--
-- Dumping data for table `target1_levels`
--

INSERT INTO `target1_levels` (`tar1LVID`, `name`, `stra1LVID`, `created_at`, `updated_at`) VALUES
(1, 'เป้าหมาย1', 1, '2025-01-11 05:11:39', '2025-01-11 05:11:39'),
(4, 'เป้าxx', 3, '2025-04-28 18:03:21', '2025-04-28 18:03:21');

-- --------------------------------------------------------

--
-- Table structure for table `targets`
--

CREATE TABLE `targets` (
  `tarID` bigint(20) UNSIGNED NOT NULL,
  `name` varchar(255) NOT NULL,
  `created_at` timestamp NULL DEFAULT NULL,
  `updated_at` timestamp NULL DEFAULT NULL
) ENGINE=InnoDB DEFAULT CHARSET=utf8mb4 COLLATE=utf8mb4_unicode_ci;

--
-- Dumping data for table `targets`
--

INSERT INTO `targets` (`tarID`, `name`, `created_at`, `updated_at`) VALUES
(2, 'บุคคลากรและผู้บริหารสำนักคอมฯ', '2024-09-03 01:41:45', '2024-09-03 01:41:45'),
(3, 'นักศึกษา มจพ.', '2024-09-03 01:42:03', '2024-09-03 01:42:03'),
(4, 'บุคคลากร มจพ.', '2024-09-03 01:42:10', '2024-09-03 01:42:10'),
(5, 'บุคคลทั่วไป', '2024-09-03 01:42:16', '2024-09-03 01:42:16');

-- --------------------------------------------------------

--
-- Table structure for table `uni_plans`
--

CREATE TABLE `uni_plans` (
  `planID` bigint(20) UNSIGNED NOT NULL,
  `name` varchar(255) NOT NULL,
  `created_at` timestamp NULL DEFAULT NULL,
  `updated_at` timestamp NULL DEFAULT NULL
) ENGINE=InnoDB DEFAULT CHARSET=utf8mb4 COLLATE=utf8mb4_unicode_ci;

--
-- Dumping data for table `uni_plans`
--

INSERT INTO `uni_plans` (`planID`, `name`, `created_at`, `updated_at`) VALUES
(6, 'แผนงานบริหารการศึกษา', '2024-10-02 06:47:35', '2024-10-02 06:47:35'),
(7, 'แผนงานจัดการศึกษาระดับอุดมศึกษา', '2024-10-02 06:47:43', '2024-10-02 06:47:43'),
(8, 'แผนงานบริการวิชาการแก่สังคม', '2024-10-02 06:48:37', '2024-10-02 06:48:37'),
(9, 'แผนงานวิจัย', '2024-10-02 06:48:48', '2024-10-02 06:48:48'),
(10, 'แผนงานทำนุบำรุงศิลปวัฒนธรรม', '2024-10-02 06:48:58', '2024-10-02 06:48:58');

-- --------------------------------------------------------

--
-- Table structure for table `users`
--

CREATE TABLE `users` (
  `userID` bigint(20) UNSIGNED NOT NULL,
  `username` varchar(255) NOT NULL,
  `email` varchar(255) NOT NULL,
  `password` varchar(255) DEFAULT NULL,
  `displayname` varchar(255) NOT NULL,
  `person_key` varchar(255) NOT NULL,
  `position_name` varchar(255) NOT NULL,
  `faculty_name` varchar(255) NOT NULL,
  `department_name` varchar(100) NOT NULL,
  `Executive` tinyint(1) NOT NULL,
  `Planning_Analyst` tinyint(1) NOT NULL,
  `Department_head` tinyint(1) NOT NULL,
  `Supply_Analyst` tinyint(1) NOT NULL,
  `Responsible` tinyint(1) NOT NULL,
  `Admin` tinyint(1) NOT NULL,
  `flag` tinyint(1) NOT NULL,
  `created_at` timestamp NULL DEFAULT NULL,
  `updated_at` timestamp NULL DEFAULT NULL
) ENGINE=InnoDB DEFAULT CHARSET=utf8mb4 COLLATE=utf8mb4_unicode_ci;

--
-- Dumping data for table `users`
--

INSERT INTO `users` (`userID`, `username`, `email`, `password`, `displayname`, `person_key`, `position_name`, `faculty_name`, `department_name`, `Executive`, `Planning_Analyst`, `Department_head`, `Supply_Analyst`, `Responsible`, `Admin`, `flag`, `created_at`, `updated_at`) VALUES
(10, 'thatsawan', 's6603052421097@email.kmutnb.ac.th', '$2y$12$l5/DX.XanuljwUnpHpV36ew1Aeoa9wZq6af4VrBWCMxeX9vUXbiXS', 'น.ส.ทัศน์วรรณ สนองผัน', '660305', 't', 't', 'ฝ่ายวิศวกรรมระบบเครือข่าย', 1, 1, 1, 1, 1, 1, 1, '2024-09-06 05:33:45', '2024-09-06 05:33:45'),
(16, 'sornsiriw', 'thasawan.tin@gmail.com', '$2y$12$l5/DX.XanuljwUnpHpV36ew1Aeoa9wZq6af4VrBWCMxeX9vUXbiXS', 'น.ส.สรณ์สิริ วีระพันธ์', '203000001', 'นักวิชาการคอมพิวเตอร์ ชำนาญการ', 'สำนักคอมพิวเตอร์และเทคโนโลยีสารสนเทศ', 'ฝ่ายพัฒนาระบบสารสนเทศ', 0, 0, 0, 0, 1, 0, 1, NULL, NULL),
(17, 'apichit', 'thasawan.tin@gmail.com', '$2y$12$fUhIsXDmxRXvk4/cbSFqyOk1vzPFcjLZZu0G1p9EAxLPQXBJnjdTe', 'นายอภิชิต เส็งขำ', '203000002', 'ช่างเครื่องคอมพิวเตอร์ ปฏิบัติงาน', 'สำนักคอมพิวเตอร์และเทคโนโลยีสารสนเทศ', 'ฝ่ายวิศวกรรมระบบเครือข่าย', 0, 0, 0, 0, 1, 0, 1, NULL, NULL),
(18, 'oil', 'thasawan.tin@gmail.com', '$2y$12$l5/DX.XanuljwUnpHpV36ew1Aeoa9wZq6af4VrBWCMxeX9vUXbiXS', 'น.ส.ชาลินทร์ เกรียงสินยศ', '203000003', 'นักวิชาการพัสดุ ชำนาญการพิเศษ', 'สำนักคอมพิวเตอร์และเทคโนโลยีสารสนเทศ', 'สำนักงานผู้อำนวยการ', 0, 0, 1, 1, 1, 0, 1, NULL, NULL),
(19, 'ret', 'thasawan.tin@gmail.com', '433c2b623706878c439ebbcebed643e7', 'นายอิศเรศ สมณะ', '203000004', 'วิศวกร ปฏิบัติการ', 'สำนักคอมพิวเตอร์และเทคโนโลยีสารสนเทศ', 'ฝ่ายวิศวกรรมระบบเครือข่าย', 0, 0, 0, 0, 1, 0, 1, NULL, NULL),
(20, 'peeratuchn', 'thasawan.tin@gmail.com', '433c2b623706878c439ebbcebed643e7', 'นายพีรธัช หนูชู', '203000005', 'วิศวกร ปฏิบัติการ', 'สำนักคอมพิวเตอร์และเทคโนโลยีสารสนเทศ', 'ฝ่ายวิศวกรรมระบบเครือข่าย', 0, 0, 0, 0, 1, 0, 1, NULL, NULL),
(21, 'puh', 'thasawan.tin@gmail.com', '433c2b623706878c439ebbcebed643e7', 'นายธีรสิทธิ์ พิชญังกูร', '203000006', 'วิศวกร ปฏิบัติการ', 'สำนักคอมพิวเตอร์และเทคโนโลยีสารสนเทศ', 'ฝ่ายวิศวกรรมระบบเครือข่าย', 0, 0, 0, 0, 1, 0, 1, NULL, NULL),
(22, 'jiraporn', 'thasawan.tin@gmail.com', '433c2b623706878c439ebbcebed643e7', 'นางจิราพร ธัญญประเสริฐกุล', '203000007', 'นักวิชาการคอมพิวเตอร์ ชำนาญการพิเศษ', 'สำนักคอมพิวเตอร์และเทคโนโลยีสารสนเทศ', 'ฝ่ายพัฒนาระบบสารสนเทศ', 0, 0, 0, 0, 1, 0, 1, NULL, NULL),
(23, 'jantapongb', 'thasawan.tin@gmail.com', '433c2b623706878c439ebbcebed643e7', 'นายจันตพงษ์ บุตรลักษณ์', '203000008', 'นักวิชาการคอมพิวเตอร์ ชำนาญการ', 'สำนักคอมพิวเตอร์และเทคโนโลยีสารสนเทศ', 'ฝ่ายวิศวกรรมระบบเครือข่าย', 0, 0, 0, 0, 1, 0, 1, NULL, NULL),
(24, 'khaimooks', 'thasawan.tin@gmail.com', '433c2b623706878c439ebbcebed643e7', 'น.ส.ไข่มุก สรรพวุธ', '203000009', 'นักวิชาการคอมพิวเตอร์ ปฏิบัติการ', 'สำนักคอมพิวเตอร์และเทคโนโลยีสารสนเทศ', 'ฝ่ายพัฒนาระบบสารสนเทศ', 0, 0, 0, 0, 1, 0, 1, NULL, NULL),
(25, 'anuchitc', 'thasawan.tin@gmail.com', '433c2b623706878c439ebbcebed643e7', 'นายอนุชิต ชาบำเหน็จ', '203000010', 'นักวิชาการคอมพิวเตอร์ ปฏิบัติการ', 'สำนักคอมพิวเตอร์และเทคโนโลยีสารสนเทศ', 'ฝ่ายบริการวิชาการและส่งเสริมการวิจัย', 0, 0, 0, 0, 1, 1, 1, NULL, NULL),
(26, 'kasemt', 'thasawan.tin@gmail.com', '433c2b623706878c439ebbcebed643e7', 'นายเกษม ตั้งเกียรติศิริ', '203000011', 'วิศวกร ปฏิบัติการ', 'สำนักคอมพิวเตอร์และเทคโนโลยีสารสนเทศ', 'ฝ่ายเทคโนโลยีสารสนเทศ วิทยาเขตปราจีนบุรี', 0, 0, 1, 0, 1, 0, 1, NULL, NULL),
(27, 'nuthathaikorna', 'thasawan.tin@gmail.com', '433c2b623706878c439ebbcebed643e7', 'น.ส.นัฏฐ์หทัยกร อร่ามพงษ์', '203000012', 'นักวิชาการเงินและบัญชี ปฏิบัติการ', 'สำนักคอมพิวเตอร์และเทคโนโลยีสารสนเทศ', 'สำนักงานผู้อำนวยการ', 0, 0, 0, 0, 1, 0, 1, NULL, NULL),
(28, 'narinb', 'thasawan.tin@gmail.com', '433c2b623706878c439ebbcebed643e7', 'นายนรินทร์ บุญปิง', '203000013', 'นักวิชาการคอมพิวเตอร์ ปฏิบัติการ', 'สำนักคอมพิวเตอร์และเทคโนโลยีสารสนเทศ', 'ฝ่ายบริการวิชาการและส่งเสริมการวิจัย', 0, 0, 0, 0, 1, 0, 1, NULL, NULL),
(29, 'temic', 'thasawan.tin@gmail.com', '433c2b623706878c439ebbcebed643e7', 'นายเตมีย์ ช่วยชูวงศ์', '203000014', 'นักวิชาการคอมพิวเตอร์', 'สำนักคอมพิวเตอร์และเทคโนโลยีสารสนเทศ', 'ฝ่ายบริการวิชาการและส่งเสริมการวิจัย', 0, 0, 0, 0, 1, 0, 1, NULL, NULL),
(30, 'kanokb', 'thasawan.tin@gmail.com', '433c2b623706878c439ebbcebed643e7', 'นายกนก บุญพันธ์จันที', '203000015', 'นักวิชาการคอมพิวเตอร์ ปฏิบัติการ', 'สำนักคอมพิวเตอร์และเทคโนโลยีสารสนเทศ', 'ฝ่ายบริการวิชาการและส่งเสริมการวิจัย', 0, 0, 0, 0, 1, 0, 1, NULL, NULL),
(31, 'jaruchaj', 'thasawan.tin@gmail.com', '433c2b623706878c439ebbcebed643e7', 'น.ส.จารุชา เจือทอง', '203000016', 'บุคลากร ปฏิบัติการ', 'สำนักคอมพิวเตอร์และเทคโนโลยีสารสนเทศ', 'สำนักงานผู้อำนวยการ', 0, 0, 0, 0, 1, 0, 1, NULL, NULL),
(32, 'rotjanab', 'thasawan.tin@gmail.com', '433c2b623706878c439ebbcebed643e7', 'น.ส.รจนา บุญแก้ว', '203000017', 'เจ้าหน้าที่บริหารงานทั่วไป ปฏิบัติการ', 'สำนักคอมพิวเตอร์และเทคโนโลยีสารสนเทศ', 'สำนักงานผู้อำนวยการ', 0, 0, 0, 0, 1, 0, 1, NULL, NULL),
(33, 'peerapunr', 'thasawan.tin@gmail.com', '433c2b623706878c439ebbcebed643e7', 'นายพีรพันธ์ รุจิพงษ์กุล', '203000018', 'วิศวกร ชำนาญการ', 'สำนักคอมพิวเตอร์และเทคโนโลยีสารสนเทศ', 'ฝ่ายวิศวกรรมระบบเครือข่าย', 0, 0, 1, 0, 1, 0, 1, NULL, NULL),
(34, 'manasj', 'thasawan.tin@gmail.com', '433c2b623706878c439ebbcebed643e7', 'นายมนัส ใจซื่อ', '203000019', 'นักวิชาการคอมพิวเตอร์', 'สำนักคอมพิวเตอร์และเทคโนโลยีสารสนเทศ', 'ฝ่ายบริการวิชาการและส่งเสริมการวิจัย', 0, 0, 0, 0, 1, 0, 1, NULL, '0000-00-00 00:00:00'),
(35, 'ponganuntk', 'thasawan.tin@gmail.com', '433c2b623706878c439ebbcebed643e7', 'นายพงษ์อนันต์ กิตติวิทยเมธี', '203000020', 'วิศวกร', 'สำนักคอมพิวเตอร์และเทคโนโลยีสารสนเทศ', 'ฝ่ายเทคโนโลยีสารสนเทศ วิทยาเขตปราจีนบุรี', 0, 0, 0, 0, 1, 0, 1, NULL, NULL),
(36, 'krittayots', 'thasawan.tin@gmail.com', '433c2b623706878c439ebbcebed643e7', 'นายกฤตยชญ์ เส้งสุย', '203000021', 'ช่างเทคนิค', 'สำนักคอมพิวเตอร์และเทคโนโลยีสารสนเทศ', 'ฝ่ายบริการวิชาการและส่งเสริมการวิจัย', 0, 0, 0, 0, 1, 0, 1, NULL, NULL),
(37, 'sarinyas', 'thasawan.tin@gmail.com', '$2y$12$auGoE83gGYkIQKwqTsPsxOPjLy0Lgia9nMr3TtYgSJ1nA4ZvqZXcC', 'นางศรินญา พงศ์สุริยา', '203000022', 'นักวิเคราะห์นโยบายและแผน ชำนาญการ', 'สำนักคอมพิวเตอร์และเทคโนโลยีสารสนเทศ', 'สำนักงานผู้อำนวยการ', 0, 1, 0, 0, 1, 1, 1, NULL, NULL),
(38, 'nichapon', 'thasawan.tin@gmail.com', '$2y$12$auGoE83gGYkIQKwqTsPsxOPjLy0Lgia9nMr3TtYgSJ1nA4ZvqZXcC', 'นางณิชาพร ชื่อสุธรรม', '203000023', 'นักวิชาการคอมพิวเตอร์ ชำนาญการพิเศษ', 'สำนักคอมพิวเตอร์และเทคโนโลยีสารสนเทศ', 'ฝ่ายพัฒนาระบบสารสนเทศ', 0, 0, 1, 0, 1, 0, 1, NULL, NULL),
(39, 'khuntol', 'thasawan.tin@gmail.com', '433c2b623706878c439ebbcebed643e7', 'น.ส.กุณฑล กระบวนรัตน์', '203000024', 'นักวิชาการคอมพิวเตอร์ ชำนาญการพิเศษ', 'สำนักคอมพิวเตอร์และเทคโนโลยีสารสนเทศ', 'ฝ่ายพัฒนาระบบสารสนเทศ', 0, 0, 0, 0, 1, 0, 1, NULL, NULL),
(40, 'watchara', 'thasawan.tin@gmail.com', '$2y$12$auGoE83gGYkIQKwqTsPsxOPjLy0Lgia9nMr3TtYgSJ1nA4ZvqZXcC', 'นายวัชร พิชยนันท์', '203000025', 'นักวิชาการคอมพิวเตอร์ ชำนาญการพิเศษ', 'สำนักคอมพิวเตอร์และเทคโนโลยีสารสนเทศ', 'ฝ่ายบริการวิชาการและส่งเสริมการวิจัย', 0, 0, 1, 0, 1, 0, 1, NULL, NULL),
(41, 'korawitkh', 'thasawan.tin@gmail.com', '433c2b623706878c439ebbcebed643e7', 'นายกรวิทย์ คำเต็ม', '203000026', 'ช่างเทคนิค', 'สำนักคอมพิวเตอร์และเทคโนโลยีสารสนเทศ', 'ฝ่ายบริการวิชาการและส่งเสริมการวิจัย', 0, 0, 0, 0, 1, 0, 1, NULL, NULL),
(42, 'yannawito', 'thasawan.tin@gmail.com', '433c2b623706878c439ebbcebed643e7', 'นายญาณวิทย์ อึ้งอารีย์วิทยา', '203000027', 'ช่างเทคนิค', 'สำนักคอมพิวเตอร์และเทคโนโลยีสารสนเทศ', 'ฝ่ายเทคโนโลยีสารสนเทศ วิทยาเขตระยอง', 0, 0, 0, 0, 1, 0, 1, NULL, NULL),
(43, 'chatreej', 'thasawan.tin@gmail.com', '433c2b623706878c439ebbcebed643e7', 'นายชาตรี ใจรักดี', '203000028', 'ช่างเทคนิค', 'สำนักคอมพิวเตอร์และเทคโนโลยีสารสนเทศ', 'ฝ่ายบริการวิชาการและส่งเสริมการวิจัย', 0, 0, 0, 0, 1, 0, 1, NULL, NULL),
(44, 'khemchiral', 'thasawan.tin@gmail.com', '433c2b623706878c439ebbcebed643e7', 'น.ส.เขมจิรา ลุสุข', '203000029', 'นักวิชาการคอมพิวเตอร์ ปฏิบัติการ', 'สำนักคอมพิวเตอร์และเทคโนโลยีสารสนเทศ', 'ฝ่ายเทคโนโลยีสารสนเทศ วิทยาเขตระยอง', 0, 0, 1, 0, 1, 0, 1, NULL, NULL),
(45, 'thoedsakw', 'thasawan.tin@gmail.com', '433c2b623706878c439ebbcebed643e7', 'นายเทอดศักดิ์ ไวมือ', '203000030', 'ช่างเทคนิค', 'สำนักคอมพิวเตอร์และเทคโนโลยีสารสนเทศ', 'ฝ่ายบริการวิชาการและส่งเสริมการวิจัย', 0, 0, 0, 0, 1, 0, 1, NULL, NULL),
(46, 'sim', 'thasawan.tin@gmail.com', '433c2b623706878c439ebbcebed643e7', 'น.ส.ธัญนันท์ กระดาษ', '203000031', 'นักวิชาการคอมพิวเตอร์ ชำนาญการพิเศษ', 'สำนักคอมพิวเตอร์และเทคโนโลยีสารสนเทศ', 'ฝ่ายบริการวิชาการและส่งเสริมการวิจัย', 0, 0, 0, 0, 1, 0, 1, NULL, NULL),
(47, 'piranunl', 'thasawan.tin@gmail.com', '433c2b623706878c439ebbcebed643e7', 'น.ส.พิรานันท์ ลางดี', '203000032', 'นักวิชาการเงินและบัญชี ชำนาญการ', 'สำนักคอมพิวเตอร์และเทคโนโลยีสารสนเทศ', 'สำนักงานผู้อำนวยการ', 0, 0, 0, 0, 1, 0, 1, NULL, NULL),
(48, 'siwakornlo', 'thasawan.tin@gmail.com', '433c2b623706878c439ebbcebed643e7', 'นายศิวกร หลงสมบูรณ์', '203000033', 'นักวิชาการคอมพิวเตอร์ ชำนาญการ', 'สำนักคอมพิวเตอร์และเทคโนโลยีสารสนเทศ', 'ฝ่ายพัฒนาระบบสารสนเทศ', 0, 0, 0, 0, 1, 0, 1, NULL, NULL),
(49, 'pipanpornd', 'thasawan.tin@gmail.com', '433c2b623706878c439ebbcebed643e7', 'น.ส.พิพรรณพร ดวงพัตรา', '203000034', 'เจ้าหน้าที่บริหารงานทั่วไป', 'สำนักคอมพิวเตอร์และเทคโนโลยีสารสนเทศ', 'สำนักงานผู้อำนวยการ', 0, 0, 0, 0, 1, 0, 1, NULL, NULL),
(50, 'piyapongt', 'thasawan.tin@gmail.com', '433c2b623706878c439ebbcebed643e7', 'นายปิยพงษ์ ทองกัณฑา', '203000035', 'ช่างเทคนิค', 'สำนักคอมพิวเตอร์และเทคโนโลยีสารสนเทศ', 'ฝ่ายบริการวิชาการและส่งเสริมการวิจัย', 0, 0, 0, 0, 1, 0, 1, NULL, NULL),
(51, 'thanakits', 'thasawan.tin@gmail.com', '433c2b623706878c439ebbcebed643e7', 'นายธนกฤต แสงศรีจันทร์รัตน์', '203000036', 'ช่างเทคนิค', 'สำนักคอมพิวเตอร์และเทคโนโลยีสารสนเทศ', 'ฝ่ายบริการวิชาการและส่งเสริมการวิจัย', 0, 0, 0, 0, 1, 0, 1, NULL, NULL),
(52, 'nattawutp', 'thasawan.tin@gmail.com', '433c2b623706878c439ebbcebed643e7', 'นายณัฐวุฒิ ปัทมะโสภา', '203000037', 'ช่างเทคนิค', 'สำนักคอมพิวเตอร์และเทคโนโลยีสารสนเทศ', 'ฝ่ายบริการวิชาการและส่งเสริมการวิจัย', 0, 0, 0, 0, 1, 0, 1, NULL, NULL),
(53, 'piengtarnk', 'thasawan.tin@gmail.com', '433c2b623706878c439ebbcebed643e7', 'น.ส.เพียงธาร กุลวิวัฒน์', '203000038', 'ช่างเทคนิค', 'สำนักคอมพิวเตอร์และเทคโนโลยีสารสนเทศ', 'ฝ่ายบริการวิชาการและส่งเสริมการวิจัย', 0, 0, 0, 0, 1, 0, 1, NULL, NULL),
(54, 'ckj', 'thasawan.tin@gmail.com', '433c2b623706878c439ebbcebed643e7', 'ผศ.ชาญชัย กุศลจิตกรณ์', '203000039', 'ที่ปรึกษา', 'สำนักคอมพิวเตอร์และเทคโนโลยีสารสนเทศ', 'สำนักงานผู้อำนวยการ', 0, 0, 0, 0, 0, 0, 1, NULL, NULL),
(55, 'choopanr', 'thasawan.tin@gmail.com', '$2y$12$auGoE83gGYkIQKwqTsPsxOPjLy0Lgia9nMr3TtYgSJ1nA4ZvqZXcC', 'รศ. ดร.ชูพันธุ์ รัตนโภคา', '203000040', 'ผู้อำนวยการ', 'วิทยาลัยเทคโนโลยีอุตสาหกรรม', 'ภาควิชาเทคโนโลยีวิศวกรรมอิเล็กทรอนิกส์', 1, 0, 0, 0, 0, 0, 1, NULL, NULL),
(56, 'prasertsakt', 'thasawan.tin@gmail.com', '$2y$12$auGoE83gGYkIQKwqTsPsxOPjLy0Lgia9nMr3TtYgSJ1nA4ZvqZXcC', 'รศ. ดร.ประเสริฐศักดิ์ เตียวงศ์สมบัติ', '203000041', 'รองผู้อำนวยการ ฝ่ายบริหาร', 'วิทยาลัยเทคโนโลยีอุตสาหกรรม', 'ภาควิชาเทคโนโลยีวิศวกรรมอิเล็กทรอนิกส์', 1, 0, 0, 0, 0, 0, 1, NULL, NULL),
(57, 'nuttawuts', 'thasawan.tin@gmail.com', '433c2b623706878c439ebbcebed643e7', 'อ.ณัฐวุฒิ สร้อยดอกสน', '203000042', 'รองผู้อำนวยการ ฝ่ายเทคโนโลยีดิจิทัล', 'คณะวิทยาศาสตร์ประยุกต์', 'ภาควิชาวิทยาการคอมพิวเตอร์และสารสนเทศ', 1, 0, 0, 0, 0, 0, 1, NULL, NULL),
(58, 'std', 'thasawan.tin@gmail.com', '433c2b623706878c439ebbcebed643e7', 'ผศ. ดร.สุธิดา ชัยชมชื่น', '203000043', 'รองผู้อำนวยการ ฝ่ายระบบเครือข่ายและงานบริการ', 'คณะครุศาสตร์อุตสาหกรรม', 'ภาควิชาคอมพิวเตอร์ศึกษา', 1, 0, 0, 0, 0, 0, 1, NULL, NULL),
(59, 'beesuda', 'thasawan.tin@gmail.com', '433c2b623706878c439ebbcebed643e7', 'ผศ. ดร.บีสุดา ดาวเรือง', '203000044', 'ผู้ช่วยผู้อำนวยการฝ่ายเทคโนโลยีสารสนเทศ วิทยาเขตปราจีนบุรี', 'คณะเทคโนโลยีและการจัดการอุตสาหกรรม', 'ภาควิชาเทคโนโลยีสารสนเทศ', 1, 0, 0, 0, 0, 0, 1, NULL, NULL),
(60, 'preechak', 'thasawan.tin@gmail.com', '433c2b623706878c439ebbcebed643e7', 'รศ.ปรีชา คมขำ', '203000045', 'ผู้ช่วยผู้อำนวยการฝ่ายเทคโนโลยีสารสนเทศ วิทยาเขตระยอง', 'คณะวิศวกรรมศาสตร์และเทคโนโลยี', 'สาขาวิชาเทคโนโลยีวิศวกรรมการวัดคุมและอัตโนมัติ', 1, 0, 0, 0, 0, 0, 1, NULL, NULL);

-- --------------------------------------------------------

--
-- Table structure for table `users_map_projects`
--

CREATE TABLE `users_map_projects` (
  `userMapID` bigint(20) UNSIGNED NOT NULL,
  `userID` bigint(20) UNSIGNED NOT NULL,
  `proID` bigint(20) UNSIGNED NOT NULL,
  `created_at` timestamp NULL DEFAULT NULL,
  `updated_at` timestamp NULL DEFAULT NULL
) ENGINE=InnoDB DEFAULT CHARSET=utf8mb4 COLLATE=utf8mb4_unicode_ci;

--
-- Dumping data for table `users_map_projects`
--

INSERT INTO `users_map_projects` (`userMapID`, `userID`, `proID`, `created_at`, `updated_at`) VALUES
(266, 10, 507, '2025-04-28 07:21:16', '2025-04-28 07:22:31'),
(267, 10, 508, '2025-04-28 08:00:50', '2025-04-28 08:17:01'),
(268, 10, 509, '2025-04-28 08:01:38', '2025-04-28 08:17:26'),
(269, 10, 510, '2025-04-28 08:29:43', '2025-04-28 08:30:16'),
(270, 10, 511, '2025-04-28 18:05:47', '2025-04-28 18:07:59'),
(271, 10, 512, '2025-04-28 18:38:26', '2025-04-28 18:38:45'),
(272, 10, 513, '2025-04-28 21:18:28', '2025-04-28 21:18:48'),
(273, 10, 514, '2025-04-28 21:25:34', '2025-04-28 21:26:35'),
(274, 10, 515, '2025-04-28 21:26:14', '2025-04-28 21:27:09'),
(275, 10, 516, '2025-04-28 22:37:55', '2025-04-28 22:37:55'),
(276, 16, 517, '2025-04-28 23:01:11', '2025-04-28 23:06:36'),
(277, 16, 518, '2025-04-28 23:02:22', '2025-04-28 23:07:00'),
(278, 16, 519, '2025-04-28 23:03:16', '2025-04-28 23:08:03'),
(279, 16, 520, '2025-04-28 23:04:45', '2025-04-28 23:08:30'),
(280, 16, 521, '2025-04-28 23:05:39', '2025-04-28 23:16:15'),
(281, 16, 522, '2025-04-28 23:09:59', '2025-04-28 23:17:22'),
(282, 16, 523, '2025-04-28 23:11:46', '2025-04-28 23:17:56'),
(283, 16, 524, '2025-04-28 23:13:19', '2025-04-28 23:14:45'),
(284, 16, 525, '2025-04-28 23:16:02', '2025-04-28 23:18:27'),
(285, 16, 526, '2025-04-29 01:03:19', '2025-04-29 01:08:39'),
(286, 16, 527, '2025-04-29 01:15:00', '2025-04-29 01:15:07');

-- --------------------------------------------------------

--
-- Table structure for table `years`
--

CREATE TABLE `years` (
  `yearID` bigint(20) UNSIGNED NOT NULL,
  `year` int(11) NOT NULL,
  `created_at` timestamp NULL DEFAULT NULL,
  `updated_at` timestamp NULL DEFAULT NULL
) ENGINE=InnoDB DEFAULT CHARSET=utf8mb4 COLLATE=utf8mb4_unicode_ci;

--
-- Dumping data for table `years`
--

INSERT INTO `years` (`yearID`, `year`, `created_at`, `updated_at`) VALUES
(9, 2568, '2024-09-02 01:11:40', '2024-09-02 01:11:40'),
(16, 2569, '2025-04-28 17:28:53', '2025-04-28 17:28:53');

--
-- Indexes for dumped tables
--

--
-- Indexes for table `badget_types`
--
ALTER TABLE `badget_types`
  ADD PRIMARY KEY (`badID`);

--
-- Indexes for table `benefits`
--
ALTER TABLE `benefits`
  ADD PRIMARY KEY (`bnfID`),
  ADD KEY `proID` (`proID`);

--
-- Indexes for table `comments`
--
ALTER TABLE `comments`
  ADD PRIMARY KEY (`commentID`),
  ADD KEY `comments_proid_foreign` (`proID`),
  ADD KEY `comments_userid_foreign` (`userID`);

--
-- Indexes for table `cost_quarters`
--
ALTER TABLE `cost_quarters`
  ADD PRIMARY KEY (`costQuID`),
  ADD KEY `cost_quarters_proid_foreign` (`proID`),
  ADD KEY `cost_quarters_expid_foreign` (`expID`),
  ADD KEY `cost_quarters_costid_foreign` (`costID`);

--
-- Indexes for table `cost_types`
--
ALTER TABLE `cost_types`
  ADD PRIMARY KEY (`costID`),
  ADD KEY `cost_types_expid_foreign` (`expID`);

--
-- Indexes for table `count_k_p_i_projects`
--
ALTER TABLE `count_k_p_i_projects`
  ADD PRIMARY KEY (`countKPIProID`);

--
-- Indexes for table `date_in_plans`
--
ALTER TABLE `date_in_plans`
  ADD PRIMARY KEY (`id`),
  ADD KEY `date_in_plans_yearid_foreign` (`yearID`);

--
-- Indexes for table `date_report_quarters`
--
ALTER TABLE `date_report_quarters`
  ADD PRIMARY KEY (`drqID`),
  ADD KEY `date_report_quarters_quarid_foreign` (`quarID`),
  ADD KEY `date_report_quarters_yearid_foreign` (`yearID`);

--
-- Indexes for table `expense_badgets`
--
ALTER TABLE `expense_badgets`
  ADD PRIMARY KEY (`expID`),
  ADD KEY `expense_badgets_fundid_foreign` (`fundID`);

--
-- Indexes for table `files`
--
ALTER TABLE `files`
  ADD PRIMARY KEY (`fileID`),
  ADD KEY `files_proid_foreign` (`proID`);

--
-- Indexes for table `funds`
--
ALTER TABLE `funds`
  ADD PRIMARY KEY (`fundID`),
  ADD KEY `funds_planid_foreign` (`planID`);

--
-- Indexes for table `goals`
--
ALTER TABLE `goals`
  ADD PRIMARY KEY (`goal3LVID`),
  ADD KEY `goals_sfaid_foreign` (`SFA3LVID`);

--
-- Indexes for table `k_p_i_main2_levels`
--
ALTER TABLE `k_p_i_main2_levels`
  ADD PRIMARY KEY (`KPIMain2LVID`),
  ADD KEY `k_p_i_main2_levels_sfa2lvid_foreign` (`SFA2LVID`),
  ADD KEY `k_p_i_main2_levels_directorid_foreign` (`directorID`),
  ADD KEY `k_p_i_main2_levels_recorderid_foreign` (`recorderID`);

--
-- Indexes for table `k_p_i_main2_level_map_projects`
--
ALTER TABLE `k_p_i_main2_level_map_projects`
  ADD PRIMARY KEY (`KPIMain2mapProjectID`),
  ADD KEY `k_p_i_main2_level_map_projects_kpimain2lvid_foreign` (`KPIMain2LVID`),
  ADD KEY `k_p_i_main2_level_map_projects_proid_foreign` (`proID`),
  ADD KEY `stra2LVID` (`SFA2LVID`);

--
-- Indexes for table `k_p_i_mains`
--
ALTER TABLE `k_p_i_mains`
  ADD PRIMARY KEY (`KPIMain3LVID`),
  ADD KEY `k_p_i_mains_tacid_foreign` (`goal3LVID`),
  ADD KEY `userID` (`directorID`),
  ADD KEY `recorderID` (`recorderID`);

--
-- Indexes for table `k_p_i_main_map_projects`
--
ALTER TABLE `k_p_i_main_map_projects`
  ADD PRIMARY KEY (`KPIMainmapProjectID`),
  ADD KEY `k_p_i_main_map_projects_kpimainid_foreign` (`KPIMain3LVID`),
  ADD KEY `k_p_i_main_map_projects_proid_foreign` (`proID`),
  ADD KEY `stra3LVID` (`goal3LVID`);

--
-- Indexes for table `k_p_i_main_map_tactics`
--
ALTER TABLE `k_p_i_main_map_tactics`
  ADD PRIMARY KEY (`MapID`),
  ADD KEY `k_p_i_main_map_tactics_kpimainid_foreign` (`KPIMain3LVID`),
  ADD KEY `k_p_i_main_map_tactics_tacid_foreign` (`tac3LVID`);

--
-- Indexes for table `k_p_i_projects`
--
ALTER TABLE `k_p_i_projects`
  ADD PRIMARY KEY (`KPIProID`),
  ADD KEY `proID` (`proID`),
  ADD KEY `countKPIProID` (`countKPIProID`);

--
-- Indexes for table `migrations`
--
ALTER TABLE `migrations`
  ADD PRIMARY KEY (`id`);

--
-- Indexes for table `news`
--
ALTER TABLE `news`
  ADD PRIMARY KEY (`id`);

--
-- Indexes for table `objectives`
--
ALTER TABLE `objectives`
  ADD PRIMARY KEY (`objID`),
  ADD KEY `proID` (`proID`);

--
-- Indexes for table `operating_results`
--
ALTER TABLE `operating_results`
  ADD PRIMARY KEY (`operID`);

--
-- Indexes for table `password_resets`
--
ALTER TABLE `password_resets`
  ADD KEY `password_resets_email_index` (`email`);

--
-- Indexes for table `progress_details`
--
ALTER TABLE `progress_details`
  ADD PRIMARY KEY (`DetailID`),
  ADD KEY `progress_details_ibfk_1` (`reportID`);

--
-- Indexes for table `projects`
--
ALTER TABLE `projects`
  ADD PRIMARY KEY (`proID`),
  ADD KEY `projects_protypeid_foreign` (`proTypeID`),
  ADD KEY `projects_yearid_foreign` (`yearID`),
  ADD KEY `projects_prochaid_foreign` (`proChaID`),
  ADD KEY `projects_proinid_foreign` (`proInID`),
  ADD KEY `projects_tarid_foreign` (`tarID`),
  ADD KEY `projects_badid_foreign` (`badID`),
  ADD KEY `projects_planid_foreign` (`planID`),
  ADD KEY `projects_statusid_foreign` (`statusID`),
  ADD KEY `approverID` (`approverID`);

--
-- Indexes for table `project_charecs`
--
ALTER TABLE `project_charecs`
  ADD PRIMARY KEY (`proChaID`);

--
-- Indexes for table `project_evaluations`
--
ALTER TABLE `project_evaluations`
  ADD PRIMARY KEY (`evaID`),
  ADD KEY `project_evaluations_proid_foreign` (`proID`),
  ADD KEY `project_evaluations_operid_foreign` (`operID`),
  ADD KEY `userID` (`userID`);

--
-- Indexes for table `project_integrats`
--
ALTER TABLE `project_integrats`
  ADD PRIMARY KEY (`proInID`);

--
-- Indexes for table `project_types`
--
ALTER TABLE `project_types`
  ADD PRIMARY KEY (`proTypeID`);

--
-- Indexes for table `quarters`
--
ALTER TABLE `quarters`
  ADD PRIMARY KEY (`quarID`);

--
-- Indexes for table `report_quarters`
--
ALTER TABLE `report_quarters`
  ADD PRIMARY KEY (`reportID`),
  ADD KEY `report_quarters_quarid_foreign` (`quarID`),
  ADD KEY `report_quarters_proid_foreign` (`proID`),
  ADD KEY `userID` (`userID`);

--
-- Indexes for table `sessions`
--
ALTER TABLE `sessions`
  ADD PRIMARY KEY (`id`),
  ADD KEY `sessions_user_id_index` (`user_id`),
  ADD KEY `sessions_last_activity_index` (`last_activity`);

--
-- Indexes for table `statuses`
--
ALTER TABLE `statuses`
  ADD PRIMARY KEY (`statusID`);

--
-- Indexes for table `steps`
--
ALTER TABLE `steps`
  ADD PRIMARY KEY (`stepID`),
  ADD KEY `steps_proid_foreign` (`proID`);

--
-- Indexes for table `strategic1_levels`
--
ALTER TABLE `strategic1_levels`
  ADD PRIMARY KEY (`stra1LVID`),
  ADD KEY `strategic1_levels_yearid_foreign` (`yearID`);

--
-- Indexes for table `strategic1_level_map_projects`
--
ALTER TABLE `strategic1_level_map_projects`
  ADD PRIMARY KEY (`stra1LVMapProID`),
  ADD KEY `strategic1_level_map_projects_stra1lvid_foreign` (`stra1LVID`),
  ADD KEY `strategic1_level_map_projects_tar1lvid_foreign` (`tar1LVID`),
  ADD KEY `strategic1_level_map_projects_proid_foreign` (`proID`);

--
-- Indexes for table `strategic2_levels`
--
ALTER TABLE `strategic2_levels`
  ADD PRIMARY KEY (`stra2LVID`),
  ADD KEY `strategic2_levels_yearid_foreign` (`yearID`);

--
-- Indexes for table `strategic2_level_map_projects`
--
ALTER TABLE `strategic2_level_map_projects`
  ADD PRIMARY KEY (`stra2LVMapProID`),
  ADD KEY `strategic2_level_map_projects_stra2lvid_foreign` (`stra2LVID`),
  ADD KEY `strategic2_level_map_projects_sfa2lvid_foreign` (`SFA2LVID`),
  ADD KEY `strategic2_level_map_projects_tac2lvid_foreign` (`tac2LVID`),
  ADD KEY `strategic2_level_map_projects_proid_foreign` (`proID`);

--
-- Indexes for table `strategic3_levels`
--
ALTER TABLE `strategic3_levels`
  ADD PRIMARY KEY (`stra3LVID`),
  ADD KEY `strategics_yearid_foreign` (`yearID`);

--
-- Indexes for table `strategic_issues`
--
ALTER TABLE `strategic_issues`
  ADD PRIMARY KEY (`SFA3LVID`),
  ADD KEY `strategic_issues_straid_foreign` (`stra3LVID`);

--
-- Indexes for table `strategic_issues2_levels`
--
ALTER TABLE `strategic_issues2_levels`
  ADD PRIMARY KEY (`SFA2LVID`),
  ADD KEY `strategic_issues2_levels_stra2lvid_foreign` (`stra2LVID`);

--
-- Indexes for table `strategic_maps`
--
ALTER TABLE `strategic_maps`
  ADD PRIMARY KEY (`straMapID`),
  ADD KEY `strategic_maps_proid_foreign` (`proID`),
  ADD KEY `strategic_maps_straid_foreign` (`stra3LVID`),
  ADD KEY `SFAID` (`SFA3LVID`),
  ADD KEY `goalID` (`goal3LVID`),
  ADD KEY `tacID` (`tac3LVID`);

--
-- Indexes for table `tactic2_levels`
--
ALTER TABLE `tactic2_levels`
  ADD PRIMARY KEY (`tac2LVID`),
  ADD KEY `tactic2_levels_sfa2lvid_foreign` (`SFA2LVID`);

--
-- Indexes for table `tactic2_level_map_k_p_i_main2_levels`
--
ALTER TABLE `tactic2_level_map_k_p_i_main2_levels`
  ADD PRIMARY KEY (`Map2LVID`),
  ADD KEY `tactic2_level_map_k_p_i_main2_levels_tac2lvid_foreign` (`tac2LVID`),
  ADD KEY `tactic2_level_map_k_p_i_main2_levels_kpimain2lvid_foreign` (`KPIMain2LVID`);

--
-- Indexes for table `tactics`
--
ALTER TABLE `tactics`
  ADD PRIMARY KEY (`tac3LVID`),
  ADD KEY `tactics_goalid_foreign` (`goal3LVID`);

--
-- Indexes for table `target1_levels`
--
ALTER TABLE `target1_levels`
  ADD PRIMARY KEY (`tar1LVID`),
  ADD KEY `target1_levels_stra1lvid_foreign` (`stra1LVID`);

--
-- Indexes for table `targets`
--
ALTER TABLE `targets`
  ADD PRIMARY KEY (`tarID`);

--
-- Indexes for table `uni_plans`
--
ALTER TABLE `uni_plans`
  ADD PRIMARY KEY (`planID`);

--
-- Indexes for table `users`
--
ALTER TABLE `users`
  ADD PRIMARY KEY (`userID`);

--
-- Indexes for table `users_map_projects`
--
ALTER TABLE `users_map_projects`
  ADD PRIMARY KEY (`userMapID`),
  ADD KEY `users_map_projects_userid_foreign` (`userID`),
  ADD KEY `users_map_projects_proid_foreign` (`proID`);

--
-- Indexes for table `years`
--
ALTER TABLE `years`
  ADD PRIMARY KEY (`yearID`);

--
-- AUTO_INCREMENT for dumped tables
--

--
-- AUTO_INCREMENT for table `badget_types`
--
ALTER TABLE `badget_types`
  MODIFY `badID` bigint(20) UNSIGNED NOT NULL AUTO_INCREMENT, AUTO_INCREMENT=7;

--
-- AUTO_INCREMENT for table `benefits`
--
ALTER TABLE `benefits`
  MODIFY `bnfID` bigint(20) UNSIGNED NOT NULL AUTO_INCREMENT, AUTO_INCREMENT=516;

--
-- AUTO_INCREMENT for table `comments`
--
ALTER TABLE `comments`
  MODIFY `commentID` bigint(20) UNSIGNED NOT NULL AUTO_INCREMENT, AUTO_INCREMENT=92;

--
-- AUTO_INCREMENT for table `cost_quarters`
--
ALTER TABLE `cost_quarters`
  MODIFY `costQuID` bigint(20) UNSIGNED NOT NULL AUTO_INCREMENT, AUTO_INCREMENT=372;

--
-- AUTO_INCREMENT for table `cost_types`
--
ALTER TABLE `cost_types`
  MODIFY `costID` bigint(20) UNSIGNED NOT NULL AUTO_INCREMENT, AUTO_INCREMENT=13;

--
-- AUTO_INCREMENT for table `count_k_p_i_projects`
--
ALTER TABLE `count_k_p_i_projects`
  MODIFY `countKPIProID` bigint(20) UNSIGNED NOT NULL AUTO_INCREMENT, AUTO_INCREMENT=4;

--
-- AUTO_INCREMENT for table `date_in_plans`
--
ALTER TABLE `date_in_plans`
  MODIFY `id` bigint(20) UNSIGNED NOT NULL AUTO_INCREMENT, AUTO_INCREMENT=9;

--
-- AUTO_INCREMENT for table `date_report_quarters`
--
ALTER TABLE `date_report_quarters`
  MODIFY `drqID` bigint(20) UNSIGNED NOT NULL AUTO_INCREMENT, AUTO_INCREMENT=8;

--
-- AUTO_INCREMENT for table `expense_badgets`
--
ALTER TABLE `expense_badgets`
  MODIFY `expID` bigint(20) UNSIGNED NOT NULL AUTO_INCREMENT, AUTO_INCREMENT=10;

--
-- AUTO_INCREMENT for table `files`
--
ALTER TABLE `files`
  MODIFY `fileID` bigint(20) UNSIGNED NOT NULL AUTO_INCREMENT, AUTO_INCREMENT=211;

--
-- AUTO_INCREMENT for table `funds`
--
ALTER TABLE `funds`
  MODIFY `fundID` bigint(20) UNSIGNED NOT NULL AUTO_INCREMENT, AUTO_INCREMENT=13;

--
-- AUTO_INCREMENT for table `goals`
--
ALTER TABLE `goals`
  MODIFY `goal3LVID` bigint(20) UNSIGNED NOT NULL AUTO_INCREMENT, AUTO_INCREMENT=86;

--
-- AUTO_INCREMENT for table `k_p_i_main2_levels`
--
ALTER TABLE `k_p_i_main2_levels`
  MODIFY `KPIMain2LVID` bigint(20) UNSIGNED NOT NULL AUTO_INCREMENT, AUTO_INCREMENT=45;

--
-- AUTO_INCREMENT for table `k_p_i_main2_level_map_projects`
--
ALTER TABLE `k_p_i_main2_level_map_projects`
  MODIFY `KPIMain2mapProjectID` bigint(20) UNSIGNED NOT NULL AUTO_INCREMENT, AUTO_INCREMENT=55;

--
-- AUTO_INCREMENT for table `k_p_i_mains`
--
ALTER TABLE `k_p_i_mains`
  MODIFY `KPIMain3LVID` bigint(20) UNSIGNED NOT NULL AUTO_INCREMENT, AUTO_INCREMENT=157;

--
-- AUTO_INCREMENT for table `k_p_i_main_map_projects`
--
ALTER TABLE `k_p_i_main_map_projects`
  MODIFY `KPIMainmapProjectID` bigint(20) UNSIGNED NOT NULL AUTO_INCREMENT, AUTO_INCREMENT=285;

--
-- AUTO_INCREMENT for table `k_p_i_main_map_tactics`
--
ALTER TABLE `k_p_i_main_map_tactics`
  MODIFY `MapID` bigint(20) UNSIGNED NOT NULL AUTO_INCREMENT, AUTO_INCREMENT=706;

--
-- AUTO_INCREMENT for table `k_p_i_projects`
--
ALTER TABLE `k_p_i_projects`
  MODIFY `KPIProID` bigint(20) UNSIGNED NOT NULL AUTO_INCREMENT, AUTO_INCREMENT=400;

--
-- AUTO_INCREMENT for table `migrations`
--
ALTER TABLE `migrations`
  MODIFY `id` int(10) UNSIGNED NOT NULL AUTO_INCREMENT, AUTO_INCREMENT=68;

--
-- AUTO_INCREMENT for table `news`
--
ALTER TABLE `news`
  MODIFY `id` bigint(20) UNSIGNED NOT NULL AUTO_INCREMENT, AUTO_INCREMENT=50;

--
-- AUTO_INCREMENT for table `objectives`
--
ALTER TABLE `objectives`
  MODIFY `objID` bigint(20) UNSIGNED NOT NULL AUTO_INCREMENT, AUTO_INCREMENT=733;

--
-- AUTO_INCREMENT for table `operating_results`
--
ALTER TABLE `operating_results`
  MODIFY `operID` bigint(20) UNSIGNED NOT NULL AUTO_INCREMENT, AUTO_INCREMENT=5;

--
-- AUTO_INCREMENT for table `progress_details`
--
ALTER TABLE `progress_details`
  MODIFY `DetailID` bigint(20) UNSIGNED NOT NULL AUTO_INCREMENT, AUTO_INCREMENT=117;

--
-- AUTO_INCREMENT for table `projects`
--
ALTER TABLE `projects`
  MODIFY `proID` bigint(20) UNSIGNED NOT NULL AUTO_INCREMENT, AUTO_INCREMENT=528;

--
-- AUTO_INCREMENT for table `project_charecs`
--
ALTER TABLE `project_charecs`
  MODIFY `proChaID` bigint(20) UNSIGNED NOT NULL AUTO_INCREMENT, AUTO_INCREMENT=10;

--
-- AUTO_INCREMENT for table `project_evaluations`
--
ALTER TABLE `project_evaluations`
  MODIFY `evaID` bigint(20) UNSIGNED NOT NULL AUTO_INCREMENT, AUTO_INCREMENT=67;

--
-- AUTO_INCREMENT for table `project_integrats`
--
ALTER TABLE `project_integrats`
  MODIFY `proInID` bigint(20) UNSIGNED NOT NULL AUTO_INCREMENT, AUTO_INCREMENT=8;

--
-- AUTO_INCREMENT for table `project_types`
--
ALTER TABLE `project_types`
  MODIFY `proTypeID` bigint(20) UNSIGNED NOT NULL AUTO_INCREMENT, AUTO_INCREMENT=5;

--
-- AUTO_INCREMENT for table `quarters`
--
ALTER TABLE `quarters`
  MODIFY `quarID` bigint(20) UNSIGNED NOT NULL AUTO_INCREMENT, AUTO_INCREMENT=5;

--
-- AUTO_INCREMENT for table `report_quarters`
--
ALTER TABLE `report_quarters`
  MODIFY `reportID` bigint(20) UNSIGNED NOT NULL AUTO_INCREMENT, AUTO_INCREMENT=122;

--
-- AUTO_INCREMENT for table `statuses`
--
ALTER TABLE `statuses`
  MODIFY `statusID` bigint(20) UNSIGNED NOT NULL AUTO_INCREMENT, AUTO_INCREMENT=21;

--
-- AUTO_INCREMENT for table `steps`
--
ALTER TABLE `steps`
  MODIFY `stepID` bigint(20) UNSIGNED NOT NULL AUTO_INCREMENT, AUTO_INCREMENT=694;

--
-- AUTO_INCREMENT for table `strategic1_levels`
--
ALTER TABLE `strategic1_levels`
  MODIFY `stra1LVID` bigint(20) UNSIGNED NOT NULL AUTO_INCREMENT, AUTO_INCREMENT=5;

--
-- AUTO_INCREMENT for table `strategic1_level_map_projects`
--
ALTER TABLE `strategic1_level_map_projects`
  MODIFY `stra1LVMapProID` bigint(20) UNSIGNED NOT NULL AUTO_INCREMENT, AUTO_INCREMENT=22;

--
-- AUTO_INCREMENT for table `strategic2_levels`
--
ALTER TABLE `strategic2_levels`
  MODIFY `stra2LVID` bigint(20) UNSIGNED NOT NULL AUTO_INCREMENT, AUTO_INCREMENT=4;

--
-- AUTO_INCREMENT for table `strategic2_level_map_projects`
--
ALTER TABLE `strategic2_level_map_projects`
  MODIFY `stra2LVMapProID` bigint(20) UNSIGNED NOT NULL AUTO_INCREMENT, AUTO_INCREMENT=38;

--
-- AUTO_INCREMENT for table `strategic3_levels`
--
ALTER TABLE `strategic3_levels`
  MODIFY `stra3LVID` bigint(20) UNSIGNED NOT NULL AUTO_INCREMENT, AUTO_INCREMENT=39;

--
-- AUTO_INCREMENT for table `strategic_issues`
--
ALTER TABLE `strategic_issues`
  MODIFY `SFA3LVID` bigint(20) UNSIGNED NOT NULL AUTO_INCREMENT, AUTO_INCREMENT=72;

--
-- AUTO_INCREMENT for table `strategic_issues2_levels`
--
ALTER TABLE `strategic_issues2_levels`
  MODIFY `SFA2LVID` bigint(20) UNSIGNED NOT NULL AUTO_INCREMENT, AUTO_INCREMENT=10;

--
-- AUTO_INCREMENT for table `strategic_maps`
--
ALTER TABLE `strategic_maps`
  MODIFY `straMapID` bigint(20) UNSIGNED NOT NULL AUTO_INCREMENT, AUTO_INCREMENT=459;

--
-- AUTO_INCREMENT for table `tactic2_levels`
--
ALTER TABLE `tactic2_levels`
  MODIFY `tac2LVID` bigint(20) UNSIGNED NOT NULL AUTO_INCREMENT, AUTO_INCREMENT=9;

--
-- AUTO_INCREMENT for table `tactic2_level_map_k_p_i_main2_levels`
--
ALTER TABLE `tactic2_level_map_k_p_i_main2_levels`
  MODIFY `Map2LVID` bigint(20) UNSIGNED NOT NULL AUTO_INCREMENT, AUTO_INCREMENT=13;

--
-- AUTO_INCREMENT for table `tactics`
--
ALTER TABLE `tactics`
  MODIFY `tac3LVID` bigint(20) UNSIGNED NOT NULL AUTO_INCREMENT, AUTO_INCREMENT=186;

--
-- AUTO_INCREMENT for table `target1_levels`
--
ALTER TABLE `target1_levels`
  MODIFY `tar1LVID` bigint(20) UNSIGNED NOT NULL AUTO_INCREMENT, AUTO_INCREMENT=6;

--
-- AUTO_INCREMENT for table `targets`
--
ALTER TABLE `targets`
  MODIFY `tarID` bigint(20) UNSIGNED NOT NULL AUTO_INCREMENT, AUTO_INCREMENT=6;

--
-- AUTO_INCREMENT for table `uni_plans`
--
ALTER TABLE `uni_plans`
  MODIFY `planID` bigint(20) UNSIGNED NOT NULL AUTO_INCREMENT, AUTO_INCREMENT=12;

--
-- AUTO_INCREMENT for table `users`
--
ALTER TABLE `users`
  MODIFY `userID` bigint(20) UNSIGNED NOT NULL AUTO_INCREMENT, AUTO_INCREMENT=65;

--
-- AUTO_INCREMENT for table `users_map_projects`
--
ALTER TABLE `users_map_projects`
  MODIFY `userMapID` bigint(20) UNSIGNED NOT NULL AUTO_INCREMENT, AUTO_INCREMENT=287;

--
-- AUTO_INCREMENT for table `years`
--
ALTER TABLE `years`
  MODIFY `yearID` bigint(20) UNSIGNED NOT NULL AUTO_INCREMENT, AUTO_INCREMENT=18;

--
-- Constraints for dumped tables
--

--
-- Constraints for table `benefits`
--
ALTER TABLE `benefits`
  ADD CONSTRAINT `benefits_ibfk_1` FOREIGN KEY (`proID`) REFERENCES `projects` (`proID`) ON DELETE CASCADE;

--
-- Constraints for table `comments`
--
ALTER TABLE `comments`
  ADD CONSTRAINT `comments_proid_foreign` FOREIGN KEY (`proID`) REFERENCES `projects` (`proID`) ON DELETE CASCADE,
  ADD CONSTRAINT `comments_userid_foreign` FOREIGN KEY (`userID`) REFERENCES `users` (`userID`) ON DELETE CASCADE;

--
-- Constraints for table `cost_quarters`
--
ALTER TABLE `cost_quarters`
  ADD CONSTRAINT `cost_quarters_costid_foreign` FOREIGN KEY (`costID`) REFERENCES `cost_types` (`costID`) ON DELETE CASCADE,
  ADD CONSTRAINT `cost_quarters_expid_foreign` FOREIGN KEY (`expID`) REFERENCES `expense_badgets` (`expID`) ON DELETE CASCADE,
  ADD CONSTRAINT `cost_quarters_proid_foreign` FOREIGN KEY (`proID`) REFERENCES `projects` (`proID`) ON DELETE CASCADE;

--
-- Constraints for table `cost_types`
--
ALTER TABLE `cost_types`
  ADD CONSTRAINT `cost_types_expid_foreign` FOREIGN KEY (`expID`) REFERENCES `expense_badgets` (`expID`) ON DELETE CASCADE;

--
-- Constraints for table `date_in_plans`
--
ALTER TABLE `date_in_plans`
  ADD CONSTRAINT `date_in_plans_yearid_foreign` FOREIGN KEY (`yearID`) REFERENCES `years` (`yearID`) ON DELETE CASCADE;

--
-- Constraints for table `date_report_quarters`
--
ALTER TABLE `date_report_quarters`
  ADD CONSTRAINT `date_report_quarters_quarid_foreign` FOREIGN KEY (`quarID`) REFERENCES `quarters` (`quarID`) ON DELETE CASCADE,
  ADD CONSTRAINT `date_report_quarters_yearid_foreign` FOREIGN KEY (`yearID`) REFERENCES `years` (`yearID`) ON DELETE CASCADE;

--
-- Constraints for table `expense_badgets`
--
ALTER TABLE `expense_badgets`
  ADD CONSTRAINT `expense_badgets_fundid_foreign` FOREIGN KEY (`fundID`) REFERENCES `funds` (`fundID`) ON DELETE CASCADE;

--
-- Constraints for table `files`
--
ALTER TABLE `files`
  ADD CONSTRAINT `files_proid_foreign` FOREIGN KEY (`proID`) REFERENCES `projects` (`proID`) ON DELETE CASCADE;

--
-- Constraints for table `funds`
--
ALTER TABLE `funds`
  ADD CONSTRAINT `funds_planid_foreign` FOREIGN KEY (`planID`) REFERENCES `uni_plans` (`planID`) ON DELETE CASCADE;

--
-- Constraints for table `goals`
--
ALTER TABLE `goals`
  ADD CONSTRAINT `goals_sfaid_foreign` FOREIGN KEY (`SFA3LVID`) REFERENCES `strategic_issues` (`SFA3LVID`) ON DELETE CASCADE;

--
-- Constraints for table `k_p_i_main2_levels`
--
ALTER TABLE `k_p_i_main2_levels`
  ADD CONSTRAINT `k_p_i_main2_levels_directorid_foreign` FOREIGN KEY (`directorID`) REFERENCES `users` (`userID`) ON DELETE CASCADE,
  ADD CONSTRAINT `k_p_i_main2_levels_recorderid_foreign` FOREIGN KEY (`recorderID`) REFERENCES `users` (`userID`) ON DELETE CASCADE,
  ADD CONSTRAINT `k_p_i_main2_levels_sfa2lvid_foreign` FOREIGN KEY (`SFA2LVID`) REFERENCES `strategic_issues2_levels` (`SFA2LVID`) ON DELETE CASCADE;

--
-- Constraints for table `k_p_i_main2_level_map_projects`
--
ALTER TABLE `k_p_i_main2_level_map_projects`
  ADD CONSTRAINT `k_p_i_main2_level_map_projects_ibfk_1` FOREIGN KEY (`SFA2LVID`) REFERENCES `strategic_issues2_levels` (`SFA2LVID`),
  ADD CONSTRAINT `k_p_i_main2_level_map_projects_kpimain2lvid_foreign` FOREIGN KEY (`KPIMain2LVID`) REFERENCES `k_p_i_main2_levels` (`KPIMain2LVID`) ON DELETE CASCADE,
  ADD CONSTRAINT `k_p_i_main2_level_map_projects_proid_foreign` FOREIGN KEY (`proID`) REFERENCES `projects` (`proID`) ON DELETE CASCADE;

--
-- Constraints for table `k_p_i_mains`
--
ALTER TABLE `k_p_i_mains`
  ADD CONSTRAINT `k_p_i_mains_ibfk_1` FOREIGN KEY (`directorID`) REFERENCES `users` (`userID`),
  ADD CONSTRAINT `k_p_i_mains_ibfk_2` FOREIGN KEY (`recorderID`) REFERENCES `users` (`userID`),
  ADD CONSTRAINT `k_p_i_mains_tacid_foreign` FOREIGN KEY (`goal3LVID`) REFERENCES `goals` (`goal3LVID`) ON DELETE CASCADE;

--
-- Constraints for table `k_p_i_main_map_projects`
--
ALTER TABLE `k_p_i_main_map_projects`
  ADD CONSTRAINT `k_p_i_main_map_projects_ibfk_1` FOREIGN KEY (`goal3LVID`) REFERENCES `goals` (`goal3LVID`) ON DELETE CASCADE,
  ADD CONSTRAINT `k_p_i_main_map_projects_kpimainid_foreign` FOREIGN KEY (`KPIMain3LVID`) REFERENCES `k_p_i_mains` (`KPIMain3LVID`) ON DELETE CASCADE,
  ADD CONSTRAINT `k_p_i_main_map_projects_proid_foreign` FOREIGN KEY (`proID`) REFERENCES `projects` (`proID`) ON DELETE CASCADE;

--
-- Constraints for table `k_p_i_main_map_tactics`
--
ALTER TABLE `k_p_i_main_map_tactics`
  ADD CONSTRAINT `k_p_i_main_map_tactics_kpimainid_foreign` FOREIGN KEY (`KPIMain3LVID`) REFERENCES `k_p_i_mains` (`KPIMain3LVID`) ON DELETE CASCADE,
  ADD CONSTRAINT `k_p_i_main_map_tactics_tacid_foreign` FOREIGN KEY (`tac3LVID`) REFERENCES `tactics` (`tac3LVID`) ON DELETE CASCADE;

--
-- Constraints for table `k_p_i_projects`
--
ALTER TABLE `k_p_i_projects`
  ADD CONSTRAINT `k_p_i_projects_ibfk_1` FOREIGN KEY (`proID`) REFERENCES `projects` (`proID`) ON DELETE CASCADE ON UPDATE CASCADE,
  ADD CONSTRAINT `k_p_i_projects_ibfk_2` FOREIGN KEY (`countKPIProID`) REFERENCES `count_k_p_i_projects` (`countKPIProID`);

--
-- Constraints for table `objectives`
--
ALTER TABLE `objectives`
  ADD CONSTRAINT `objectives_ibfk_1` FOREIGN KEY (`proID`) REFERENCES `projects` (`proID`) ON DELETE CASCADE;

--
-- Constraints for table `progress_details`
--
ALTER TABLE `progress_details`
  ADD CONSTRAINT `progress_details_ibfk_1` FOREIGN KEY (`reportID`) REFERENCES `report_quarters` (`reportID`) ON DELETE CASCADE ON UPDATE CASCADE;

--
-- Constraints for table `projects`
--
ALTER TABLE `projects`
  ADD CONSTRAINT `projects_badid_foreign` FOREIGN KEY (`badID`) REFERENCES `badget_types` (`badID`) ON DELETE CASCADE,
  ADD CONSTRAINT `projects_ibfk_1` FOREIGN KEY (`approverID`) REFERENCES `users` (`userID`) ON DELETE CASCADE,
  ADD CONSTRAINT `projects_planid_foreign` FOREIGN KEY (`planID`) REFERENCES `uni_plans` (`planID`) ON DELETE CASCADE,
  ADD CONSTRAINT `projects_prochaid_foreign` FOREIGN KEY (`proChaID`) REFERENCES `project_charecs` (`proChaID`) ON DELETE CASCADE,
  ADD CONSTRAINT `projects_proinid_foreign` FOREIGN KEY (`proInID`) REFERENCES `project_integrats` (`proInID`) ON DELETE CASCADE,
  ADD CONSTRAINT `projects_protypeid_foreign` FOREIGN KEY (`proTypeID`) REFERENCES `project_types` (`proTypeID`) ON DELETE CASCADE,
  ADD CONSTRAINT `projects_statusid_foreign` FOREIGN KEY (`statusID`) REFERENCES `statuses` (`statusID`) ON DELETE CASCADE,
  ADD CONSTRAINT `projects_tarid_foreign` FOREIGN KEY (`tarID`) REFERENCES `targets` (`tarID`) ON DELETE CASCADE,
  ADD CONSTRAINT `projects_yearid_foreign` FOREIGN KEY (`yearID`) REFERENCES `years` (`yearID`) ON DELETE CASCADE;

--
-- Constraints for table `project_evaluations`
--
ALTER TABLE `project_evaluations`
  ADD CONSTRAINT `project_evaluations_ibfk_1` FOREIGN KEY (`userID`) REFERENCES `users` (`userID`),
  ADD CONSTRAINT `project_evaluations_operid_foreign` FOREIGN KEY (`operID`) REFERENCES `operating_results` (`operID`) ON DELETE CASCADE,
  ADD CONSTRAINT `project_evaluations_proid_foreign` FOREIGN KEY (`proID`) REFERENCES `projects` (`proID`) ON DELETE CASCADE;

--
-- Constraints for table `report_quarters`
--
ALTER TABLE `report_quarters`
  ADD CONSTRAINT `report_quarters_ibfk_1` FOREIGN KEY (`userID`) REFERENCES `users` (`userID`),
  ADD CONSTRAINT `report_quarters_proid_foreign` FOREIGN KEY (`proID`) REFERENCES `projects` (`proID`) ON DELETE CASCADE,
  ADD CONSTRAINT `report_quarters_quarid_foreign` FOREIGN KEY (`quarID`) REFERENCES `quarters` (`quarID`) ON DELETE CASCADE;

--
-- Constraints for table `steps`
--
ALTER TABLE `steps`
  ADD CONSTRAINT `steps_proid_foreign` FOREIGN KEY (`proID`) REFERENCES `projects` (`proID`) ON DELETE CASCADE;

--
-- Constraints for table `strategic1_levels`
--
ALTER TABLE `strategic1_levels`
  ADD CONSTRAINT `strategic1_levels_yearid_foreign` FOREIGN KEY (`yearID`) REFERENCES `years` (`yearID`) ON DELETE CASCADE;

--
-- Constraints for table `strategic1_level_map_projects`
--
ALTER TABLE `strategic1_level_map_projects`
  ADD CONSTRAINT `strategic1_level_map_projects_proid_foreign` FOREIGN KEY (`proID`) REFERENCES `projects` (`proID`) ON DELETE CASCADE,
  ADD CONSTRAINT `strategic1_level_map_projects_stra1lvid_foreign` FOREIGN KEY (`stra1LVID`) REFERENCES `strategic1_levels` (`stra1LVID`) ON DELETE CASCADE,
  ADD CONSTRAINT `strategic1_level_map_projects_tar1lvid_foreign` FOREIGN KEY (`tar1LVID`) REFERENCES `target1_levels` (`tar1LVID`) ON DELETE CASCADE;

--
-- Constraints for table `strategic2_levels`
--
ALTER TABLE `strategic2_levels`
  ADD CONSTRAINT `strategic2_levels_yearid_foreign` FOREIGN KEY (`yearID`) REFERENCES `years` (`yearID`) ON DELETE CASCADE;

--
-- Constraints for table `strategic2_level_map_projects`
--
ALTER TABLE `strategic2_level_map_projects`
  ADD CONSTRAINT `strategic2_level_map_projects_proid_foreign` FOREIGN KEY (`proID`) REFERENCES `projects` (`proID`) ON DELETE CASCADE,
  ADD CONSTRAINT `strategic2_level_map_projects_sfa2lvid_foreign` FOREIGN KEY (`SFA2LVID`) REFERENCES `strategic_issues2_levels` (`SFA2LVID`) ON DELETE CASCADE,
  ADD CONSTRAINT `strategic2_level_map_projects_stra2lvid_foreign` FOREIGN KEY (`stra2LVID`) REFERENCES `strategic2_levels` (`stra2LVID`) ON DELETE CASCADE,
  ADD CONSTRAINT `strategic2_level_map_projects_tac2lvid_foreign` FOREIGN KEY (`tac2LVID`) REFERENCES `tactic2_levels` (`tac2LVID`) ON DELETE CASCADE;

--
-- Constraints for table `strategic3_levels`
--
ALTER TABLE `strategic3_levels`
  ADD CONSTRAINT `strategics_yearid_foreign` FOREIGN KEY (`yearID`) REFERENCES `years` (`yearID`) ON DELETE CASCADE;

--
-- Constraints for table `strategic_issues`
--
ALTER TABLE `strategic_issues`
  ADD CONSTRAINT `strategic_issues_straid_foreign` FOREIGN KEY (`stra3LVID`) REFERENCES `strategic3_levels` (`stra3LVID`) ON DELETE CASCADE;

--
-- Constraints for table `strategic_issues2_levels`
--
ALTER TABLE `strategic_issues2_levels`
  ADD CONSTRAINT `strategic_issues2_levels_stra2lvid_foreign` FOREIGN KEY (`stra2LVID`) REFERENCES `strategic2_levels` (`stra2LVID`) ON DELETE CASCADE;

--
-- Constraints for table `strategic_maps`
--
ALTER TABLE `strategic_maps`
  ADD CONSTRAINT `strategic_maps_ibfk_1` FOREIGN KEY (`SFA3LVID`) REFERENCES `strategic_issues` (`SFA3LVID`) ON DELETE CASCADE,
  ADD CONSTRAINT `strategic_maps_ibfk_2` FOREIGN KEY (`goal3LVID`) REFERENCES `goals` (`goal3LVID`) ON DELETE CASCADE,
  ADD CONSTRAINT `strategic_maps_ibfk_3` FOREIGN KEY (`tac3LVID`) REFERENCES `tactics` (`tac3LVID`) ON DELETE CASCADE,
  ADD CONSTRAINT `strategic_maps_proid_foreign` FOREIGN KEY (`proID`) REFERENCES `projects` (`proID`) ON DELETE CASCADE,
  ADD CONSTRAINT `strategic_maps_straid_foreign` FOREIGN KEY (`stra3LVID`) REFERENCES `strategic3_levels` (`stra3LVID`) ON DELETE CASCADE;

--
-- Constraints for table `tactic2_levels`
--
ALTER TABLE `tactic2_levels`
  ADD CONSTRAINT `tactic2_levels_sfa2lvid_foreign` FOREIGN KEY (`SFA2LVID`) REFERENCES `strategic_issues2_levels` (`SFA2LVID`) ON DELETE CASCADE;

--
-- Constraints for table `tactic2_level_map_k_p_i_main2_levels`
--
ALTER TABLE `tactic2_level_map_k_p_i_main2_levels`
  ADD CONSTRAINT `tactic2_level_map_k_p_i_main2_levels_kpimain2lvid_foreign` FOREIGN KEY (`KPIMain2LVID`) REFERENCES `k_p_i_main2_levels` (`KPIMain2LVID`) ON DELETE CASCADE,
  ADD CONSTRAINT `tactic2_level_map_k_p_i_main2_levels_tac2lvid_foreign` FOREIGN KEY (`tac2LVID`) REFERENCES `tactic2_levels` (`tac2LVID`) ON DELETE CASCADE;

--
-- Constraints for table `tactics`
--
ALTER TABLE `tactics`
  ADD CONSTRAINT `tactics_goalid_foreign` FOREIGN KEY (`goal3LVID`) REFERENCES `goals` (`goal3LVID`) ON DELETE CASCADE;

--
-- Constraints for table `target1_levels`
--
ALTER TABLE `target1_levels`
  ADD CONSTRAINT `target1_levels_stra1lvid_foreign` FOREIGN KEY (`stra1LVID`) REFERENCES `strategic1_levels` (`stra1LVID`) ON DELETE CASCADE;

--
-- Constraints for table `users_map_projects`
--
ALTER TABLE `users_map_projects`
  ADD CONSTRAINT `users_map_projects_proid_foreign` FOREIGN KEY (`proID`) REFERENCES `projects` (`proID`) ON DELETE CASCADE,
  ADD CONSTRAINT `users_map_projects_userid_foreign` FOREIGN KEY (`userID`) REFERENCES `users` (`userID`) ON DELETE CASCADE;
COMMIT;

/*!40101 SET CHARACTER_SET_CLIENT=@OLD_CHARACTER_SET_CLIENT */;
/*!40101 SET CHARACTER_SET_RESULTS=@OLD_CHARACTER_SET_RESULTS */;
/*!40101 SET COLLATION_CONNECTION=@OLD_COLLATION_CONNECTION */;
